Employee_ID,Age,Gender,Department,Position,Tenure,Performance_Rating,Salary,Recruitment_Source,Satisfaction_Score,Last_Promotion_Years,Work_Life_Balance,Overworked,Job_Satisfaction,Distance_From_Work,Commute_Time,Number_Of_Promotions,Turnover,Turnover_Description
EMP0001,60,Male,Marketing,Engineer,24,2,80818,Campus Recruitment,1.9,7,3,1,4,26,78,0,0,Retention
EMP0002,50,Male,Marketing,Specialist,28,2,59932,Campus Recruitment,4.5,4,4,0,2,26,30,3,0,Retention
EMP0003,36,Female,Finance,Analyst,18,4,36901,Job Board,3.7,0,1,0,5,18,86,3,0,Retention
EMP0004,64,Male,Finance,Manager,3,4,38597,Campus Recruitment,2.2,7,4,1,3,32,28,4,0,Retention
EMP0005,29,Female,Marketing,Manager,22,3,93909,Campus Recruitment,2.1,8,4,0,2,14,45,2,0,Retention
EMP0006,42,Female,Engineering,Specialist,6,5,102391,Job Board,3.9,9,1,0,3,47,80,4,1,Turnover
EMP0007,60,Male,Finance,Manager,27,3,114214,Internal Referral,4.9,1,1,0,3,3,82,1,0,Retention
EMP0008,40,Male,Sales,Engineer,27,5,38263,Job Board,2.4,8,4,0,3,1,79,1,1,Turnover
EMP0009,44,Male,Sales,Engineer,3,2,93293,Internal Referral,4.3,7,2,0,2,26,69,3,0,Retention
EMP0010,32,Female,Sales,Manager,21,1,55805,Job Board,3,6,5,1,5,24,54,3,1,Turnover
EMP0011,32,Male,Engineering,Engineer,11,3,41874,Job Board,4.3,2,5,0,1,49,39,4,1,Turnover
EMP0012,45,Female,Marketing,Manager,12,3,116402,Campus Recruitment,4.2,1,2,0,5,35,39,4,0,Retention
EMP0013,57,Female,Sales,Manager,2,5,44079,Job Board,3.7,6,1,0,2,14,17,0,1,Turnover
EMP0014,61,Female,Engineering,Manager,21,2,79850,Job Board,1.7,4,4,0,1,3,83,1,1,Turnover
EMP0015,45,Male,Finance,Specialist,11,2,102779,Internal Referral,4.2,5,5,1,1,13,40,4,0,Retention
EMP0016,24,Male,Marketing,Manager,1,5,39018,Campus Recruitment,4,3,4,0,1,47,54,2,0,Retention
EMP0017,43,Female,Finance,Specialist,23,2,79500,Internal Referral,3.9,1,2,1,4,14,52,0,0,Retention
EMP0018,23,Male,Engineering,Manager,1,4,42100,Internal Referral,3.7,8,4,0,2,21,52,4,1,Turnover
EMP0019,45,Male,Sales,Manager,26,1,87021,Campus Recruitment,2.6,2,2,0,4,26,82,3,0,Retention
EMP0020,51,Male,Sales,Manager,22,3,49800,Campus Recruitment,4.6,6,1,1,1,3,21,4,0,Retention
EMP0021,59,Female,Engineering,Engineer,8,1,93400,Campus Recruitment,4.4,7,2,0,4,40,44,3,0,Retention
EMP0022,23,Female,Sales,Specialist,0,3,59437,Job Board,2.4,1,2,0,4,4,33,3,0,Retention
EMP0023,42,Male,Marketing,Specialist,7,4,106537,Campus Recruitment,4.8,5,5,1,2,36,49,1,1,Turnover
EMP0024,54,Female,Engineering,Manager,22,2,76675,Campus Recruitment,3.6,7,4,0,3,43,47,1,1,Turnover
EMP0025,33,Male,Finance,Manager,5,5,49942,Campus Recruitment,3.6,6,5,1,4,1,47,4,0,Retention
EMP0026,43,Male,Engineering,Engineer,5,4,50862,Internal Referral,3.3,2,3,1,4,40,52,4,0,Retention
EMP0027,46,Male,Marketing,Engineer,21,1,41669,Internal Referral,3.4,0,2,0,1,47,24,2,0,Retention
EMP0028,48,Male,Marketing,Engineer,24,5,83772,Job Board,4.9,5,3,0,1,33,71,0,0,Retention
EMP0029,63,Female,Engineering,Specialist,17,2,45916,Internal Referral,4.5,7,5,0,1,7,42,0,0,Retention
EMP0030,49,Female,Engineering,Specialist,16,4,40878,Job Board,4.5,5,4,0,5,11,52,4,0,Retention
EMP0031,37,Female,Sales,Specialist,28,5,32985,Internal Referral,3.7,4,5,1,4,27,30,1,0,Retention
EMP0032,36,Male,Marketing,Manager,11,4,103648,Campus Recruitment,4.4,7,4,1,1,14,35,2,0,Retention
EMP0033,24,Male,Engineering,Specialist,5,4,71235,Internal Referral,2.7,1,4,0,2,22,20,0,0,Retention
EMP0034,58,Male,Engineering,Analyst,25,2,48931,Job Board,4.1,0,1,0,5,16,55,4,0,Retention
EMP0035,28,Female,Marketing,Analyst,26,3,30336,Internal Referral,3.3,0,2,0,3,46,29,1,1,Turnover
EMP0036,42,Male,Engineering,Engineer,7,5,72933,Campus Recruitment,1.4,3,5,0,4,12,17,1,0,Retention
EMP0037,30,Female,Sales,Specialist,18,2,114899,Job Board,1.9,5,4,1,4,49,57,1,0,Retention
EMP0038,60,Female,Marketing,Analyst,27,4,75536,Campus Recruitment,2.8,8,5,0,2,46,61,3,1,Turnover
EMP0039,39,Female,Sales,Engineer,9,2,99504,Campus Recruitment,3.9,0,5,1,3,10,28,1,0,Retention
EMP0040,25,Female,Sales,Specialist,0,3,81148,Job Board,2.8,0,4,0,3,24,80,4,0,Retention
EMP0041,46,Female,Sales,Manager,24,5,46279,Campus Recruitment,2.9,4,3,1,5,46,43,2,0,Retention
EMP0042,35,Female,Sales,Analyst,28,3,98665,Campus Recruitment,4.3,9,2,0,4,18,18,4,0,Retention
EMP0043,30,Male,Marketing,Manager,12,1,101386,Internal Referral,2.9,4,2,0,1,22,40,1,1,Turnover
EMP0044,47,Male,Sales,Specialist,16,5,116124,Campus Recruitment,4.8,4,1,0,2,9,26,2,0,Retention
EMP0045,23,Female,Sales,Analyst,2,3,107485,Campus Recruitment,4.7,9,1,1,2,17,16,0,0,Retention
EMP0046,41,Female,Engineering,Specialist,7,4,104055,Campus Recruitment,3.5,5,1,0,2,38,31,0,0,Retention
EMP0047,49,Male,Marketing,Manager,13,5,107273,Campus Recruitment,4.3,7,2,0,2,40,49,4,0,Retention
EMP0048,28,Female,Marketing,Analyst,2,5,96670,Job Board,4.1,2,3,0,1,13,24,2,1,Turnover
EMP0049,29,Female,Finance,Manager,15,2,106474,Internal Referral,3.3,8,2,0,1,37,57,4,1,Turnover
EMP0050,56,Male,Marketing,Specialist,12,4,84028,Campus Recruitment,4.4,0,2,0,5,6,35,2,0,Retention
EMP0051,35,Female,Marketing,Specialist,19,1,101128,Campus Recruitment,4.5,3,2,1,4,21,29,2,0,Retention
EMP0052,38,Female,Finance,Manager,23,3,48108,Job Board,2.5,8,2,0,1,36,49,4,0,Retention
EMP0053,57,Female,Marketing,Analyst,16,2,82495,Campus Recruitment,3.7,7,3,0,5,7,74,2,0,Retention
EMP0054,61,Male,Marketing,Manager,12,3,112806,Job Board,3.6,9,1,0,3,36,58,1,0,Retention
EMP0055,25,Male,Marketing,Specialist,28,1,106533,Internal Referral,4.3,8,5,0,4,25,19,2,0,Retention
EMP0056,23,Male,Marketing,Manager,5,1,86830,Internal Referral,3.1,0,1,0,1,11,87,2,0,Retention
EMP0057,27,Female,Finance,Specialist,16,5,104640,Campus Recruitment,2.9,8,1,0,3,44,32,4,1,Turnover
EMP0058,63,Female,Marketing,Manager,13,1,82509,Campus Recruitment,3.7,2,5,0,5,14,35,0,0,Retention
EMP0059,25,Male,Marketing,Analyst,16,3,96406,Campus Recruitment,4.7,9,2,0,1,45,86,3,0,Retention
EMP0060,50,Female,Finance,Analyst,29,4,69519,Job Board,2.3,8,3,1,1,29,88,2,0,Retention
EMP0061,39,Female,Engineering,Manager,7,4,79649,Campus Recruitment,2.5,0,3,0,3,10,65,3,1,Turnover
EMP0062,47,Female,Sales,Manager,10,5,64524,Campus Recruitment,3,0,1,1,1,48,55,2,0,Retention
EMP0063,55,Female,Engineering,Analyst,19,3,63885,Internal Referral,3.2,8,5,0,2,5,38,4,0,Retention
EMP0064,31,Female,Finance,Specialist,27,3,74369,Campus Recruitment,1.7,5,4,0,1,8,38,4,0,Retention
EMP0065,57,Male,Sales,Analyst,0,1,60676,Internal Referral,5,3,2,0,4,46,52,2,1,Turnover
EMP0066,35,Female,Finance,Specialist,25,3,94093,Campus Recruitment,3.4,6,1,0,3,5,58,4,0,Retention
EMP0067,52,Male,Finance,Manager,6,2,77764,Internal Referral,3.2,4,3,1,4,24,71,4,0,Retention
EMP0068,36,Female,Marketing,Manager,20,1,80799,Campus Recruitment,5.1,9,5,1,5,40,73,2,1,Turnover
EMP0069,29,Male,Sales,Specialist,20,2,109414,Internal Referral,4.2,6,5,0,4,26,48,0,1,Turnover
EMP0070,35,Female,Marketing,Manager,16,5,102307,Job Board,3,7,1,0,2,6,89,2,0,Retention
EMP0071,44,Male,Sales,Specialist,29,4,112062,Internal Referral,3.7,7,4,0,2,16,37,0,0,Retention
EMP0072,61,Female,Finance,Engineer,9,5,61923,Internal Referral,3.5,0,3,0,4,36,57,4,0,Retention
EMP0073,42,Male,Finance,Analyst,10,4,108388,Internal Referral,4.9,7,1,0,5,12,54,0,0,Retention
EMP0074,37,Female,Engineering,Engineer,21,5,77574,Campus Recruitment,3.3,5,4,1,1,11,61,4,1,Turnover
EMP0075,39,Male,Sales,Specialist,29,3,73391,Campus Recruitment,2.1,3,5,1,2,3,55,0,0,Retention
EMP0076,45,Female,Marketing,Analyst,8,2,83664,Campus Recruitment,1.6,7,2,1,4,44,61,0,1,Turnover
EMP0077,47,Male,Engineering,Specialist,8,4,97384,Job Board,5,2,3,1,4,37,34,2,0,Retention
EMP0078,46,Male,Engineering,Analyst,23,1,61027,Job Board,2.7,3,3,0,4,6,79,0,0,Retention
EMP0079,62,Female,Engineering,Analyst,4,2,65464,Internal Referral,4.2,5,4,0,1,19,82,4,0,Retention
EMP0080,50,Female,Marketing,Analyst,16,1,64485,Job Board,3.6,6,1,0,3,18,38,2,0,Retention
EMP0081,36,Male,Engineering,Analyst,8,2,49456,Internal Referral,3.1,3,5,0,5,16,50,0,0,Retention
EMP0082,22,Female,Marketing,Specialist,16,2,104795,Internal Referral,3.2,3,4,0,3,23,59,2,0,Retention
EMP0083,46,Male,Engineering,Analyst,23,5,65554,Internal Referral,5.1,6,2,1,5,43,16,3,0,Retention
EMP0084,28,Male,Marketing,Analyst,20,4,76922,Job Board,2.1,5,2,1,5,37,42,2,0,Retention
EMP0085,30,Male,Finance,Engineer,18,4,43409,Campus Recruitment,3.1,7,2,1,4,9,40,3,0,Retention
EMP0086,45,Female,Finance,Manager,26,2,99327,Job Board,4.4,0,4,1,2,3,37,3,0,Retention
EMP0087,22,Male,Finance,Manager,6,3,66639,Internal Referral,2.2,9,5,1,4,8,50,2,0,Retention
EMP0088,29,Male,Finance,Engineer,22,3,93627,Internal Referral,4.8,6,3,0,1,38,20,4,0,Retention
EMP0089,45,Female,Finance,Engineer,8,1,113424,Job Board,4.4,6,1,1,5,4,49,4,0,Retention
EMP0090,32,Female,Engineering,Specialist,6,1,49692,Internal Referral,3.8,6,3,0,2,12,52,4,0,Retention
EMP0091,38,Female,Engineering,Specialist,12,5,119037,Internal Referral,3,6,5,0,5,44,49,1,0,Retention
EMP0092,29,Female,Engineering,Specialist,10,2,108840,Job Board,2.1,9,3,1,5,31,88,3,0,Retention
EMP0093,56,Male,Marketing,Engineer,13,1,84200,Job Board,4.2,9,4,1,4,25,67,2,0,Retention
EMP0094,56,Male,Marketing,Engineer,18,1,87415,Job Board,6.2,7,2,0,2,16,52,4,1,Turnover
EMP0095,54,Male,Marketing,Analyst,10,2,48074,Internal Referral,3.6,8,5,0,2,42,73,4,0,Retention
EMP0096,26,Male,Marketing,Specialist,12,5,45549,Internal Referral,1.7,8,5,0,5,14,57,2,0,Retention
EMP0097,63,Female,Finance,Specialist,13,1,59963,Campus Recruitment,4,1,3,0,2,13,18,3,0,Retention
EMP0098,60,Male,Finance,Specialist,12,5,82265,Campus Recruitment,4.4,6,4,1,2,41,19,2,1,Turnover
EMP0099,62,Male,Finance,Manager,0,4,46061,Job Board,2.6,6,3,0,4,7,82,1,0,Retention
EMP0100,49,Female,Sales,Analyst,7,5,88226,Campus Recruitment,2.9,3,3,0,3,12,59,1,0,Retention
EMP0101,28,Male,Engineering,Specialist,11,3,58810,Internal Referral,2.8,8,5,0,1,37,39,2,0,Retention
EMP0102,30,Male,Marketing,Specialist,18,3,90006,Campus Recruitment,3,7,3,0,3,4,25,3,0,Retention
EMP0103,29,Male,Marketing,Specialist,11,5,52800,Internal Referral,3.3,0,2,0,2,2,43,4,1,Turnover
EMP0104,33,Male,Finance,Manager,7,3,105476,Job Board,2.6,1,3,1,5,35,48,1,0,Retention
EMP0105,55,Male,Marketing,Manager,7,4,99460,Job Board,2.3,1,2,0,1,44,28,1,0,Retention
EMP0106,54,Male,Marketing,Engineer,28,2,87767,Internal Referral,3.7,7,5,0,1,3,38,3,1,Turnover
EMP0107,44,Female,Engineering,Analyst,20,3,58054,Campus Recruitment,3.3,0,4,0,5,4,73,1,0,Retention
EMP0108,45,Female,Finance,Engineer,12,3,105319,Job Board,3.1,3,2,0,1,38,53,1,0,Retention
EMP0109,58,Male,Engineering,Analyst,11,5,75397,Job Board,3.6,9,4,1,5,12,40,3,0,Retention
EMP0110,56,Male,Sales,Manager,28,4,43233,Campus Recruitment,2,4,4,0,1,19,57,2,0,Retention
EMP0111,61,Female,Sales,Specialist,15,2,55068,Campus Recruitment,3.8,8,2,1,3,10,50,4,0,Retention
EMP0112,43,Male,Sales,Engineer,0,5,95727,Internal Referral,3.1,6,5,0,1,1,53,4,0,Retention
EMP0113,48,Male,Finance,Specialist,12,5,100453,Campus Recruitment,3.7,7,1,0,4,17,75,1,0,Retention
EMP0114,56,Male,Marketing,Engineer,25,4,55832,Campus Recruitment,3.9,8,4,0,5,16,30,4,1,Turnover
EMP0115,22,Female,Finance,Manager,6,2,116242,Campus Recruitment,4.6,6,4,0,1,9,73,2,1,Turnover
EMP0116,56,Male,Finance,Manager,27,4,43682,Internal Referral,3.6,4,5,1,5,9,20,1,0,Retention
EMP0117,58,Female,Marketing,Manager,25,2,53383,Internal Referral,4.6,4,5,0,4,9,70,4,0,Retention
EMP0118,35,Male,Engineering,Engineer,4,4,88160,Job Board,3.2,9,3,0,1,12,22,0,1,Turnover
EMP0119,24,Female,Sales,Analyst,7,5,53666,Internal Referral,3.2,5,5,0,1,41,41,0,0,Retention
EMP0120,22,Female,Engineering,Engineer,24,5,88817,Job Board,3.4,4,4,0,4,15,85,0,0,Retention
EMP0121,26,Male,Sales,Analyst,26,1,64642,Campus Recruitment,4.3,8,2,1,4,2,41,0,0,Retention
EMP0122,47,Female,Finance,Engineer,13,3,71830,Job Board,4.1,2,1,0,4,11,60,0,0,Retention
EMP0123,35,Male,Sales,Engineer,22,4,40234,Job Board,3.6,2,3,0,5,11,55,1,0,Retention
EMP0124,60,Female,Finance,Manager,29,1,87616,Campus Recruitment,2.3,6,2,1,4,8,39,3,1,Turnover
EMP0125,48,Male,Engineering,Specialist,12,3,39221,Job Board,4.1,6,1,0,5,32,32,3,0,Retention
EMP0126,30,Male,Finance,Specialist,14,4,41410,Internal Referral,2.6,5,1,0,3,6,26,1,1,Turnover
EMP0127,36,Female,Engineering,Analyst,22,2,110055,Internal Referral,2.6,2,1,0,1,20,65,1,0,Retention
EMP0128,36,Male,Marketing,Specialist,16,3,91413,Internal Referral,2.4,6,2,1,1,39,53,2,1,Turnover
EMP0129,47,Male,Marketing,Engineer,14,5,31051,Internal Referral,3.4,4,3,1,2,35,24,3,0,Retention
EMP0130,63,Female,Marketing,Engineer,19,1,105301,Job Board,4.7,6,3,0,3,8,88,0,0,Retention
EMP0131,34,Male,Finance,Manager,17,3,106918,Job Board,2.5,1,1,0,4,49,68,1,0,Retention
EMP0132,53,Male,Marketing,Manager,17,3,108116,Campus Recruitment,5.2,5,2,1,4,43,43,0,0,Retention
EMP0133,60,Female,Sales,Specialist,1,5,86563,Job Board,4.4,7,1,0,3,34,55,3,0,Retention
EMP0134,53,Female,Engineering,Analyst,3,4,74757,Job Board,2,0,5,0,4,19,23,4,0,Retention
EMP0135,25,Male,Engineering,Specialist,29,2,107475,Job Board,3.1,3,3,0,2,7,77,4,0,Retention
EMP0136,51,Male,Sales,Specialist,0,5,81257,Campus Recruitment,2.5,0,4,1,5,31,51,1,0,Retention
EMP0137,58,Female,Finance,Specialist,3,2,30307,Internal Referral,4.2,0,1,0,1,18,28,2,0,Retention
EMP0138,44,Female,Finance,Specialist,17,4,86889,Job Board,2.5,9,5,0,3,40,87,0,0,Retention
EMP0139,60,Male,Engineering,Engineer,4,3,98895,Campus Recruitment,1.9,7,3,0,1,14,86,1,0,Retention
EMP0140,36,Female,Marketing,Analyst,18,2,65944,Campus Recruitment,3.2,6,2,0,5,39,53,2,1,Turnover
EMP0141,64,Male,Finance,Engineer,14,1,68134,Campus Recruitment,4.7,9,3,1,3,36,54,0,0,Retention
EMP0142,50,Male,Finance,Analyst,27,1,57323,Internal Referral,3.3,0,2,0,5,17,68,3,1,Turnover
EMP0143,57,Male,Sales,Manager,7,5,101762,Job Board,3.9,1,2,0,4,37,17,4,0,Retention
EMP0144,34,Male,Sales,Specialist,19,4,117225,Campus Recruitment,3.9,3,1,0,4,44,69,2,0,Retention
EMP0145,53,Male,Marketing,Engineer,16,5,55954,Internal Referral,2,0,1,0,4,9,47,0,0,Retention
EMP0146,28,Female,Finance,Analyst,0,5,85021,Campus Recruitment,2.6,2,3,1,5,20,85,1,0,Retention
EMP0147,43,Female,Finance,Manager,11,5,119959,Campus Recruitment,3.5,7,5,0,5,45,33,0,0,Retention
EMP0148,49,Female,Sales,Manager,25,1,109866,Campus Recruitment,2.9,7,3,1,5,28,48,1,0,Retention
EMP0149,23,Female,Finance,Specialist,18,1,100427,Campus Recruitment,5.2,7,4,0,1,20,64,4,0,Retention
EMP0150,63,Male,Engineering,Analyst,14,5,34992,Campus Recruitment,2.3,5,2,0,5,41,61,4,0,Retention
EMP0151,27,Male,Sales,Engineer,8,1,31961,Internal Referral,2.6,5,2,0,4,36,60,0,0,Retention
EMP0152,49,Male,Marketing,Specialist,6,4,42497,Job Board,3.8,4,1,0,2,27,70,0,0,Retention
EMP0153,49,Male,Sales,Engineer,1,5,62551,Job Board,2.9,8,5,0,5,8,71,1,0,Retention
EMP0154,41,Female,Finance,Manager,28,1,106384,Job Board,0.6,3,1,1,2,32,65,1,0,Retention
EMP0155,51,Male,Marketing,Engineer,8,2,85755,Job Board,5.4,9,4,0,4,1,68,2,0,Retention
EMP0156,32,Male,Sales,Engineer,9,5,43255,Internal Referral,2.4,6,3,0,5,17,42,2,0,Retention
EMP0157,49,Female,Engineering,Specialist,1,5,34567,Internal Referral,4.1,0,3,1,1,9,33,2,0,Retention
EMP0158,46,Female,Engineering,Engineer,18,4,78847,Internal Referral,2.2,8,5,1,1,20,41,0,0,Retention
EMP0159,60,Female,Sales,Specialist,10,3,78003,Campus Recruitment,2.6,6,1,0,2,45,62,2,0,Retention
EMP0160,54,Female,Engineering,Manager,12,3,50389,Campus Recruitment,1.9,9,1,0,1,32,33,0,0,Retention
EMP0161,22,Male,Engineering,Specialist,9,4,74523,Campus Recruitment,2.8,8,4,0,1,2,65,4,0,Retention
EMP0162,48,Male,Engineering,Specialist,13,4,91576,Job Board,2.9,6,3,1,1,32,21,3,0,Retention
EMP0163,34,Female,Marketing,Analyst,17,4,73919,Campus Recruitment,3.4,1,1,1,4,45,43,4,0,Retention
EMP0164,62,Male,Engineering,Engineer,18,3,112103,Job Board,3.1,5,5,1,1,9,57,0,0,Retention
EMP0165,24,Male,Engineering,Manager,21,4,33358,Campus Recruitment,2.1,9,3,1,3,30,83,0,0,Retention
EMP0166,60,Male,Engineering,Specialist,8,1,118535,Job Board,3,3,4,0,5,20,72,3,0,Retention
EMP0167,27,Female,Marketing,Manager,24,5,106524,Campus Recruitment,4.9,2,5,1,1,38,22,1,1,Turnover
EMP0168,29,Male,Sales,Analyst,6,5,35698,Campus Recruitment,4.8,1,2,0,1,1,56,1,0,Retention
EMP0169,48,Female,Finance,Engineer,27,2,96809,Internal Referral,4,5,4,0,1,5,56,1,0,Retention
EMP0170,30,Male,Engineering,Specialist,2,2,85805,Campus Recruitment,4.2,7,5,0,3,35,27,2,0,Retention
EMP0171,58,Male,Sales,Engineer,19,5,61349,Campus Recruitment,5.6,5,1,1,1,36,40,1,0,Retention
EMP0172,54,Male,Engineering,Analyst,5,1,106777,Internal Referral,4.1,8,2,1,1,1,32,2,1,Turnover
EMP0173,63,Female,Marketing,Analyst,26,3,80248,Job Board,4.1,4,4,0,5,14,56,2,0,Retention
EMP0174,45,Male,Sales,Manager,20,3,105033,Internal Referral,1.9,1,1,1,3,9,65,1,1,Turnover
EMP0175,36,Female,Marketing,Specialist,1,1,74041,Internal Referral,2.4,7,2,1,3,30,30,1,0,Retention
EMP0176,53,Female,Engineering,Manager,28,3,61954,Job Board,3.5,8,3,0,1,24,17,3,0,Retention
EMP0177,53,Female,Engineering,Analyst,5,4,38002,Campus Recruitment,2.7,9,1,0,3,4,59,3,0,Retention
EMP0178,45,Male,Marketing,Engineer,2,5,99783,Job Board,2.5,3,5,1,2,14,36,2,0,Retention
EMP0179,62,Male,Finance,Manager,15,5,117234,Campus Recruitment,2.6,5,4,0,3,25,37,3,0,Retention
EMP0180,33,Male,Marketing,Manager,29,1,49738,Campus Recruitment,2.1,9,2,0,3,4,73,2,0,Retention
EMP0181,60,Male,Engineering,Engineer,7,3,40703,Job Board,2.7,7,1,1,3,25,76,0,0,Retention
EMP0182,23,Female,Marketing,Manager,1,2,79422,Internal Referral,3.8,8,3,1,4,10,82,2,1,Turnover
EMP0183,24,Female,Finance,Engineer,16,2,113106,Job Board,5.3,4,4,0,4,35,68,2,0,Retention
EMP0184,58,Female,Marketing,Specialist,8,3,91899,Campus Recruitment,4.3,5,4,1,4,7,71,3,0,Retention
EMP0185,38,Male,Finance,Engineer,29,2,42392,Job Board,4.1,3,1,0,3,42,37,0,0,Retention
EMP0186,23,Female,Finance,Specialist,11,1,74724,Job Board,1.9,4,3,0,2,13,74,4,0,Retention
EMP0187,23,Male,Marketing,Engineer,2,1,62299,Campus Recruitment,3.6,6,2,0,3,4,87,4,0,Retention
EMP0188,49,Female,Marketing,Analyst,10,3,45641,Internal Referral,3.4,8,1,0,1,43,69,4,0,Retention
EMP0189,44,Male,Sales,Analyst,0,2,109534,Job Board,3.8,9,2,1,2,36,77,0,0,Retention
EMP0190,58,Male,Engineering,Specialist,22,1,36305,Campus Recruitment,3.1,5,4,0,4,14,70,1,0,Retention
EMP0191,53,Female,Finance,Specialist,12,1,48782,Campus Recruitment,5.2,5,2,0,5,18,69,0,0,Retention
EMP0192,54,Female,Sales,Analyst,14,4,108257,Job Board,3.6,7,3,0,2,8,39,3,0,Retention
EMP0193,22,Female,Marketing,Specialist,25,4,107963,Internal Referral,3.7,3,5,1,4,32,40,2,1,Turnover
EMP0194,40,Female,Engineering,Engineer,4,1,50566,Job Board,1.5,2,3,0,2,27,63,2,0,Retention
EMP0195,23,Male,Sales,Engineer,20,3,97766,Internal Referral,3.4,6,2,0,2,42,77,3,0,Retention
EMP0196,47,Female,Finance,Analyst,29,5,36511,Internal Referral,4.6,4,1,0,3,37,59,3,0,Retention
EMP0197,53,Female,Sales,Manager,16,5,56177,Internal Referral,4.1,1,4,1,1,23,87,2,1,Turnover
EMP0198,27,Female,Finance,Engineer,24,1,34765,Internal Referral,1.3,1,5,0,5,7,53,1,0,Retention
EMP0199,53,Male,Marketing,Specialist,22,1,50354,Job Board,3.1,5,1,0,4,12,79,1,0,Retention
EMP0200,25,Male,Engineering,Manager,23,1,53929,Campus Recruitment,5.2,7,1,0,2,25,83,1,0,Retention
EMP0201,32,Female,Engineering,Manager,24,3,58820,Campus Recruitment,3.3,0,3,1,5,3,70,3,0,Retention
EMP0202,38,Male,Engineering,Engineer,5,4,59523,Campus Recruitment,3.8,5,2,0,2,26,23,2,0,Retention
EMP0203,59,Female,Marketing,Engineer,27,1,101088,Campus Recruitment,5.1,1,3,0,1,4,84,2,0,Retention
EMP0204,45,Male,Finance,Manager,20,1,96163,Campus Recruitment,3.3,1,2,0,5,42,42,2,0,Retention
EMP0205,26,Male,Marketing,Manager,21,2,107525,Campus Recruitment,4.3,6,3,0,4,36,59,0,0,Retention
EMP0206,55,Male,Engineering,Analyst,10,3,43780,Job Board,3.9,9,1,1,2,15,40,0,0,Retention
EMP0207,27,Male,Marketing,Specialist,17,1,36589,Internal Referral,4.1,0,4,0,1,32,42,4,1,Turnover
EMP0208,43,Female,Marketing,Analyst,3,2,64812,Campus Recruitment,3.9,5,2,1,5,29,54,0,0,Retention
EMP0209,32,Female,Marketing,Engineer,2,5,75939,Job Board,3,6,5,1,2,10,29,1,0,Retention
EMP0210,37,Female,Finance,Analyst,12,1,81493,Campus Recruitment,3.1,7,5,0,2,21,20,1,0,Retention
EMP0211,54,Male,Sales,Analyst,22,1,70953,Campus Recruitment,2.6,6,1,1,4,16,41,1,0,Retention
EMP0212,30,Female,Sales,Analyst,8,2,95785,Internal Referral,1.9,5,3,1,1,47,52,1,0,Retention
EMP0213,27,Female,Marketing,Analyst,20,3,49309,Internal Referral,4.7,8,3,1,3,19,82,4,1,Turnover
EMP0214,37,Female,Sales,Specialist,5,1,84195,Internal Referral,3.5,2,1,0,2,29,89,1,1,Turnover
EMP0215,50,Male,Sales,Specialist,25,5,55901,Campus Recruitment,4.7,5,5,0,5,18,78,3,0,Retention
EMP0216,24,Male,Marketing,Manager,29,1,53576,Campus Recruitment,5.1,3,5,0,4,44,44,3,0,Retention
EMP0217,41,Male,Marketing,Engineer,27,5,61508,Campus Recruitment,3.6,1,3,1,4,16,17,3,0,Retention
EMP0218,57,Female,Engineering,Analyst,11,4,104711,Internal Referral,2.2,0,2,0,2,1,76,0,0,Retention
EMP0219,40,Female,Sales,Manager,1,4,55464,Job Board,3.3,0,4,0,2,48,26,2,0,Retention
EMP0220,47,Female,Finance,Manager,2,5,90281,Campus Recruitment,2.8,9,2,0,2,2,44,4,0,Retention
EMP0221,24,Male,Marketing,Manager,2,3,46260,Campus Recruitment,1.5,2,5,0,3,15,52,3,0,Retention
EMP0222,40,Male,Engineering,Specialist,27,1,65440,Campus Recruitment,3,3,2,0,2,39,74,3,0,Retention
EMP0223,41,Female,Finance,Analyst,11,1,86683,Job Board,3.4,1,4,0,1,28,52,1,0,Retention
EMP0224,53,Male,Sales,Analyst,14,4,71430,Campus Recruitment,2.9,0,2,0,5,1,29,3,0,Retention
EMP0225,28,Male,Engineering,Engineer,8,5,31987,Job Board,2.7,3,2,1,2,5,32,1,0,Retention
EMP0226,62,Male,Marketing,Analyst,22,1,55105,Campus Recruitment,2.2,6,2,0,3,42,66,1,0,Retention
EMP0227,54,Male,Finance,Analyst,7,1,108484,Job Board,3.7,9,2,1,5,22,43,2,0,Retention
EMP0228,61,Female,Marketing,Manager,10,3,43026,Campus Recruitment,5.4,5,1,0,4,36,74,0,0,Retention
EMP0229,60,Male,Sales,Engineer,15,2,98309,Internal Referral,4.8,5,5,0,2,46,35,1,0,Retention
EMP0230,39,Male,Finance,Analyst,25,4,75927,Internal Referral,4.2,8,4,1,5,13,31,1,0,Retention
EMP0231,61,Male,Sales,Specialist,26,4,105414,Internal Referral,4.2,1,5,1,4,1,32,2,0,Retention
EMP0232,22,Male,Sales,Analyst,24,2,87535,Internal Referral,3.4,3,1,0,3,16,71,1,1,Turnover
EMP0233,32,Female,Engineering,Manager,21,1,72946,Campus Recruitment,1.7,4,1,1,1,41,51,4,0,Retention
EMP0234,49,Female,Marketing,Specialist,3,3,86561,Internal Referral,3.1,0,1,1,2,22,74,0,0,Retention
EMP0235,46,Male,Finance,Manager,27,3,40377,Job Board,2.5,7,1,1,1,32,52,4,0,Retention
EMP0236,44,Male,Sales,Analyst,0,4,83592,Internal Referral,3.7,7,2,0,3,16,26,3,1,Turnover
EMP0237,52,Male,Sales,Specialist,23,3,37347,Internal Referral,4.7,5,5,0,5,15,89,0,0,Retention
EMP0238,51,Male,Finance,Engineer,6,2,63776,Internal Referral,5.5,4,3,0,5,46,87,3,1,Turnover
EMP0239,63,Male,Sales,Engineer,1,1,33783,Campus Recruitment,3.6,7,4,0,3,42,15,1,0,Retention
EMP0240,56,Male,Engineering,Specialist,23,2,85798,Internal Referral,1.8,2,1,0,3,12,72,2,1,Turnover
EMP0241,28,Female,Engineering,Specialist,27,5,34298,Job Board,3.6,2,5,1,2,1,17,4,0,Retention
EMP0242,37,Male,Engineering,Manager,4,4,100204,Internal Referral,3.6,1,1,0,4,17,77,3,0,Retention
EMP0243,47,Female,Engineering,Specialist,6,3,116207,Internal Referral,4.2,4,1,0,1,41,35,1,1,Turnover
EMP0244,23,Female,Sales,Manager,3,5,85161,Internal Referral,3.5,2,1,0,1,28,37,4,1,Turnover
EMP0245,22,Male,Finance,Analyst,4,3,90652,Job Board,3.6,2,1,1,5,7,23,4,0,Retention
EMP0246,33,Female,Finance,Manager,23,1,64484,Internal Referral,2.9,5,1,0,5,9,69,3,0,Retention
EMP0247,26,Female,Finance,Specialist,0,1,50922,Job Board,3.2,7,4,1,2,22,33,1,0,Retention
EMP0248,58,Female,Finance,Specialist,0,1,64028,Job Board,4,1,5,0,3,26,76,2,0,Retention
EMP0249,53,Female,Marketing,Analyst,14,3,50316,Internal Referral,1.5,3,1,1,1,12,53,3,0,Retention
EMP0250,30,Female,Finance,Specialist,19,5,106996,Job Board,3.2,6,1,1,2,7,41,4,1,Turnover
EMP0251,62,Female,Marketing,Specialist,18,1,46968,Campus Recruitment,4.2,0,1,0,5,46,60,4,0,Retention
EMP0252,56,Male,Marketing,Engineer,28,5,60266,Internal Referral,5.1,0,1,1,5,47,48,0,0,Retention
EMP0253,40,Female,Engineering,Engineer,9,3,54000,Internal Referral,3.1,9,2,0,1,15,47,1,0,Retention
EMP0254,37,Female,Marketing,Analyst,27,5,44011,Job Board,4.7,6,2,0,5,38,64,0,0,Retention
EMP0255,24,Female,Sales,Manager,17,3,32866,Job Board,5.2,6,3,0,5,21,34,2,0,Retention
EMP0256,41,Male,Marketing,Engineer,27,3,35898,Internal Referral,3.1,0,1,0,4,14,54,3,0,Retention
EMP0257,45,Female,Engineering,Manager,2,4,48395,Campus Recruitment,2.9,0,3,1,3,2,72,4,0,Retention
EMP0258,54,Male,Marketing,Specialist,10,3,69019,Job Board,3.3,3,4,0,5,8,45,1,0,Retention
EMP0259,45,Female,Sales,Engineer,14,3,34006,Job Board,3.4,4,3,0,4,45,52,4,0,Retention
EMP0260,32,Male,Sales,Analyst,26,2,64393,Campus Recruitment,4.6,4,5,0,2,6,59,0,1,Turnover
EMP0261,29,Male,Sales,Analyst,29,1,40956,Campus Recruitment,2.7,3,2,0,5,37,55,0,1,Turnover
EMP0262,57,Female,Engineering,Analyst,10,4,80042,Internal Referral,5,7,2,0,2,37,23,3,0,Retention
EMP0263,59,Female,Engineering,Engineer,16,4,36078,Campus Recruitment,2.7,6,1,1,5,33,23,1,0,Retention
EMP0264,61,Male,Finance,Manager,16,4,59631,Internal Referral,2.2,8,1,0,1,41,77,1,0,Retention
EMP0265,41,Female,Engineering,Specialist,5,2,92901,Campus Recruitment,4,6,4,0,4,6,36,3,0,Retention
EMP0266,56,Male,Sales,Manager,4,3,99497,Job Board,4.7,9,4,0,4,26,30,0,0,Retention
EMP0267,46,Male,Sales,Manager,7,1,71574,Internal Referral,3.7,0,5,0,1,39,46,0,0,Retention
EMP0268,56,Male,Engineering,Specialist,1,5,61417,Internal Referral,3.9,6,1,0,3,41,80,0,0,Retention
EMP0269,46,Male,Marketing,Specialist,15,3,118020,Internal Referral,5.5,0,1,1,4,37,28,4,0,Retention
EMP0270,50,Male,Engineering,Engineer,19,2,113639,Campus Recruitment,4.7,6,4,0,2,14,52,2,0,Retention
EMP0271,39,Female,Engineering,Engineer,23,3,95006,Job Board,3.5,9,4,0,4,37,22,0,1,Turnover
EMP0272,39,Male,Sales,Engineer,11,3,69454,Internal Referral,3.1,7,4,0,3,8,35,2,0,Retention
EMP0273,23,Male,Finance,Engineer,5,2,31587,Internal Referral,4.6,8,2,0,2,39,70,2,1,Turnover
EMP0274,56,Female,Sales,Engineer,0,4,84710,Internal Referral,4.3,2,3,1,2,13,60,1,0,Retention
EMP0275,37,Male,Finance,Specialist,3,4,116567,Internal Referral,3.9,3,3,0,1,13,57,3,0,Retention
EMP0276,62,Female,Sales,Manager,16,1,105886,Job Board,3.2,3,1,0,5,40,60,4,0,Retention
EMP0277,57,Female,Engineering,Engineer,12,1,48816,Campus Recruitment,3.4,8,2,1,1,43,62,2,0,Retention
EMP0278,54,Female,Sales,Engineer,17,4,115824,Job Board,3.4,6,4,0,5,28,84,4,0,Retention
EMP0279,25,Male,Sales,Manager,4,5,59432,Internal Referral,3.2,2,1,0,1,18,45,1,0,Retention
EMP0280,54,Male,Sales,Engineer,29,3,78617,Job Board,2.9,9,2,0,5,19,47,0,0,Retention
EMP0281,35,Male,Engineering,Manager,23,5,102373,Internal Referral,3.8,4,5,0,4,38,58,2,0,Retention
EMP0282,42,Female,Engineering,Manager,23,3,64217,Campus Recruitment,2.9,6,2,1,2,32,85,3,1,Turnover
EMP0283,41,Male,Engineering,Specialist,26,4,50884,Campus Recruitment,3.7,7,1,0,5,22,22,1,0,Retention
EMP0284,29,Female,Engineering,Analyst,2,1,35454,Campus Recruitment,1.4,0,3,1,4,2,87,4,0,Retention
EMP0285,28,Male,Finance,Specialist,10,1,104960,Internal Referral,2.9,1,4,0,3,13,16,0,0,Retention
EMP0286,24,Female,Finance,Analyst,12,5,73618,Job Board,4.6,6,5,1,1,23,31,4,0,Retention
EMP0287,38,Male,Marketing,Analyst,3,1,113948,Campus Recruitment,2.6,1,2,0,3,25,66,3,0,Retention
EMP0288,54,Male,Engineering,Analyst,25,4,92671,Internal Referral,4.1,6,1,0,4,28,59,2,0,Retention
EMP0289,33,Male,Finance,Engineer,26,5,77111,Internal Referral,2.7,8,1,0,3,11,51,3,0,Retention
EMP0290,43,Female,Sales,Specialist,13,3,69613,Job Board,4.3,1,4,0,3,33,56,4,0,Retention
EMP0291,43,Female,Engineering,Analyst,21,1,115678,Campus Recruitment,3.2,6,1,0,4,24,58,4,0,Retention
EMP0292,51,Male,Marketing,Manager,10,2,89993,Internal Referral,3.2,3,1,1,2,2,52,3,0,Retention
EMP0293,59,Male,Marketing,Engineer,26,1,38848,Job Board,3.6,1,4,1,5,30,20,3,1,Turnover
EMP0294,59,Female,Marketing,Specialist,9,3,108672,Campus Recruitment,2.2,6,5,0,1,17,82,3,0,Retention
EMP0295,29,Female,Sales,Analyst,18,5,96125,Job Board,4.5,4,3,0,5,40,65,0,0,Retention
EMP0296,48,Female,Finance,Manager,17,3,116444,Job Board,4.8,0,3,1,1,34,49,4,1,Turnover
EMP0297,48,Male,Sales,Specialist,5,2,91602,Internal Referral,3.1,4,2,0,5,38,72,1,0,Retention
EMP0298,55,Female,Engineering,Specialist,26,4,102045,Internal Referral,4,2,5,1,3,22,71,0,0,Retention
EMP0299,42,Male,Marketing,Engineer,28,1,72222,Internal Referral,4.3,6,2,0,2,5,87,0,0,Retention
EMP0300,51,Female,Sales,Specialist,14,5,79223,Job Board,3.4,5,3,0,3,48,20,0,0,Retention
EMP0301,54,Male,Sales,Engineer,20,4,95333,Internal Referral,2.4,7,4,0,2,40,27,1,1,Turnover
EMP0302,49,Female,Finance,Analyst,29,3,82732,Job Board,5.1,4,1,0,4,16,73,3,0,Retention
EMP0303,54,Female,Finance,Engineer,9,5,79420,Job Board,3.1,1,3,0,1,13,44,4,0,Retention
EMP0304,26,Female,Marketing,Manager,4,4,105504,Internal Referral,2.9,8,5,1,1,26,16,2,0,Retention
EMP0305,40,Female,Sales,Engineer,25,5,32462,Campus Recruitment,5.1,7,3,1,4,31,72,2,1,Turnover
EMP0306,25,Female,Sales,Manager,28,2,39460,Campus Recruitment,4.1,5,5,0,5,39,50,4,0,Retention
EMP0307,56,Male,Finance,Engineer,4,2,39275,Campus Recruitment,3.8,9,5,0,4,48,86,1,0,Retention
EMP0308,38,Female,Sales,Specialist,9,1,43269,Job Board,2.5,6,5,0,4,23,59,2,1,Turnover
EMP0309,49,Female,Sales,Analyst,27,1,95942,Job Board,4.3,8,2,1,2,48,23,0,0,Retention
EMP0310,51,Female,Sales,Manager,4,2,102920,Job Board,6.4,6,4,0,4,12,79,2,0,Retention
EMP0311,50,Male,Finance,Engineer,2,5,52553,Internal Referral,4.4,2,3,0,1,14,64,4,0,Retention
EMP0312,27,Female,Marketing,Engineer,22,2,54366,Job Board,4,5,4,0,3,18,46,0,0,Retention
EMP0313,56,Male,Engineering,Engineer,5,1,74036,Internal Referral,4.2,6,1,0,2,27,57,2,0,Retention
EMP0314,62,Female,Marketing,Specialist,3,2,47369,Internal Referral,3.2,1,3,1,2,28,68,4,0,Retention
EMP0315,58,Female,Engineering,Specialist,17,2,41795,Campus Recruitment,3.2,2,4,0,5,18,61,1,0,Retention
EMP0316,45,Male,Sales,Manager,27,5,100021,Campus Recruitment,3.1,3,4,0,3,16,28,4,0,Retention
EMP0317,50,Female,Marketing,Manager,8,4,98154,Campus Recruitment,2.9,9,1,0,2,16,62,1,0,Retention
EMP0318,52,Male,Engineering,Specialist,16,1,60143,Internal Referral,3.1,5,5,0,4,13,69,0,0,Retention
EMP0319,56,Male,Finance,Manager,28,5,59425,Internal Referral,3.1,0,3,0,2,29,43,4,0,Retention
EMP0320,54,Female,Finance,Analyst,12,2,118209,Internal Referral,3.3,8,3,0,2,9,61,3,1,Turnover
EMP0321,42,Male,Marketing,Analyst,26,2,105139,Job Board,3.2,4,1,0,2,26,77,3,0,Retention
EMP0322,53,Female,Marketing,Specialist,14,4,35368,Internal Referral,3.7,6,5,0,5,28,33,3,1,Turnover
EMP0323,44,Female,Sales,Manager,29,1,34621,Campus Recruitment,3.6,8,3,0,2,41,23,3,0,Retention
EMP0324,54,Male,Marketing,Engineer,19,1,88829,Campus Recruitment,3.7,8,3,0,2,13,51,3,0,Retention
EMP0325,24,Male,Sales,Analyst,16,3,90294,Internal Referral,5,0,3,1,5,36,66,1,0,Retention
EMP0326,39,Male,Sales,Specialist,12,1,44719,Internal Referral,3.6,0,5,0,3,9,71,4,0,Retention
EMP0327,46,Male,Finance,Manager,15,4,59227,Campus Recruitment,5.7,2,1,0,1,47,42,0,0,Retention
EMP0328,63,Female,Finance,Specialist,21,3,37566,Internal Referral,3.9,5,3,0,5,14,50,3,0,Retention
EMP0329,52,Female,Engineering,Engineer,3,3,42306,Campus Recruitment,3.1,1,4,0,5,12,78,3,1,Turnover
EMP0330,24,Male,Finance,Analyst,4,2,83822,Job Board,4.8,9,5,0,2,32,32,0,0,Retention
EMP0331,61,Female,Finance,Specialist,4,2,54042,Campus Recruitment,3.4,0,2,1,2,38,49,0,0,Retention
EMP0332,45,Female,Marketing,Specialist,8,1,45086,Job Board,1.1,0,1,0,1,3,82,3,1,Turnover
EMP0333,53,Female,Finance,Specialist,16,3,47387,Internal Referral,3.5,4,4,0,2,16,53,1,1,Turnover
EMP0334,43,Female,Engineering,Engineer,12,2,57042,Internal Referral,3.3,3,3,1,4,20,22,0,1,Turnover
EMP0335,44,Male,Marketing,Specialist,1,4,119424,Job Board,5.1,0,2,0,2,32,29,4,0,Retention
EMP0336,23,Male,Engineering,Engineer,12,2,81618,Internal Referral,2.6,3,1,1,2,23,21,4,0,Retention
EMP0337,48,Female,Finance,Engineer,21,2,48323,Job Board,3.2,2,5,0,4,17,31,1,0,Retention
EMP0338,63,Male,Engineering,Engineer,20,3,48019,Internal Referral,4.8,1,2,1,1,16,78,2,0,Retention
EMP0339,23,Male,Marketing,Analyst,26,3,105426,Campus Recruitment,3.9,8,2,1,4,38,26,1,0,Retention
EMP0340,47,Male,Sales,Analyst,22,5,70863,Internal Referral,3.3,0,4,1,5,8,70,3,0,Retention
EMP0341,38,Female,Engineering,Specialist,18,4,40283,Campus Recruitment,2.7,6,1,1,4,19,60,2,0,Retention
EMP0342,61,Female,Engineering,Specialist,2,3,48279,Campus Recruitment,3.9,3,4,1,3,30,61,3,0,Retention
EMP0343,54,Female,Marketing,Analyst,9,1,76999,Job Board,3.5,4,4,1,5,34,30,4,0,Retention
EMP0344,30,Male,Marketing,Manager,1,4,92780,Internal Referral,2.7,9,3,0,2,14,83,0,0,Retention
EMP0345,64,Female,Engineering,Analyst,12,4,52908,Job Board,2.8,4,5,0,5,22,16,3,0,Retention
EMP0346,60,Female,Finance,Engineer,18,3,91584,Internal Referral,2.7,0,2,0,1,44,68,4,1,Turnover
EMP0347,50,Male,Engineering,Analyst,25,4,80225,Campus Recruitment,2.5,5,1,1,1,17,41,1,0,Retention
EMP0348,63,Female,Marketing,Engineer,16,3,67952,Campus Recruitment,4.4,8,5,1,4,15,45,3,0,Retention
EMP0349,47,Female,Sales,Specialist,20,2,67663,Internal Referral,4.3,1,5,1,5,48,55,4,0,Retention
EMP0350,56,Male,Sales,Manager,13,5,91381,Internal Referral,4.4,6,1,1,2,32,50,0,0,Retention
EMP0351,46,Male,Finance,Specialist,11,2,77929,Job Board,3.5,5,5,0,1,13,61,3,0,Retention
EMP0352,45,Male,Engineering,Engineer,20,3,39343,Internal Referral,3.3,4,3,0,2,21,57,4,1,Turnover
EMP0353,34,Female,Sales,Engineer,11,3,106173,Internal Referral,3.3,3,5,0,3,49,79,3,0,Retention
EMP0354,28,Female,Engineering,Engineer,10,2,69791,Internal Referral,4.5,3,3,0,1,40,64,0,0,Retention
EMP0355,57,Female,Marketing,Manager,6,1,59134,Job Board,1.7,5,2,0,4,33,15,3,0,Retention
EMP0356,41,Male,Sales,Analyst,3,1,77101,Internal Referral,3,3,2,1,3,27,86,3,0,Retention
EMP0357,22,Male,Finance,Specialist,18,1,99443,Campus Recruitment,2.6,4,4,1,5,35,71,4,1,Turnover
EMP0358,29,Female,Marketing,Specialist,0,3,87530,Job Board,4.9,5,3,0,2,16,30,2,0,Retention
EMP0359,37,Female,Finance,Analyst,27,4,76799,Job Board,3,4,2,0,1,28,42,3,0,Retention
EMP0360,35,Male,Marketing,Specialist,23,3,34827,Campus Recruitment,1.9,6,5,0,3,34,36,2,0,Retention
EMP0361,33,Male,Sales,Manager,28,4,92653,Campus Recruitment,3.7,8,1,0,3,47,55,1,0,Retention
EMP0362,44,Male,Finance,Specialist,2,2,43699,Campus Recruitment,3.1,9,1,0,1,1,33,3,0,Retention
EMP0363,36,Male,Finance,Engineer,12,5,35313,Internal Referral,2.9,6,3,0,5,41,64,2,0,Retention
EMP0364,49,Female,Marketing,Analyst,14,4,43598,Campus Recruitment,2.8,6,4,0,5,48,73,1,0,Retention
EMP0365,55,Male,Finance,Manager,1,1,58807,Internal Referral,2.8,3,5,0,4,31,83,4,0,Retention
EMP0366,23,Female,Marketing,Analyst,10,3,100423,Job Board,4.2,0,3,1,5,36,48,3,0,Retention
EMP0367,53,Female,Marketing,Manager,3,2,99390,Job Board,3.7,7,1,0,4,44,53,4,1,Turnover
EMP0368,44,Female,Marketing,Engineer,18,1,75226,Campus Recruitment,3.3,3,3,0,3,33,88,1,0,Retention
EMP0369,43,Male,Marketing,Analyst,28,2,89550,Internal Referral,2.4,0,5,0,1,33,21,4,0,Retention
EMP0370,46,Male,Sales,Specialist,16,5,110072,Campus Recruitment,3.3,4,2,0,5,39,66,4,1,Turnover
EMP0371,43,Male,Marketing,Manager,2,3,33558,Campus Recruitment,3.8,7,5,0,4,18,74,0,0,Retention
EMP0372,43,Male,Engineering,Analyst,27,3,105308,Internal Referral,3.8,3,2,1,3,23,66,1,0,Retention
EMP0373,63,Female,Finance,Specialist,17,5,80113,Campus Recruitment,3.7,7,2,0,5,23,38,4,0,Retention
EMP0374,27,Male,Engineering,Analyst,7,3,82999,Job Board,2.6,7,2,0,2,15,40,2,0,Retention
EMP0375,36,Male,Sales,Analyst,21,4,85878,Campus Recruitment,1.1,2,3,0,3,26,24,1,1,Turnover
EMP0376,64,Female,Engineering,Analyst,24,2,66343,Internal Referral,5.3,8,1,0,5,30,31,0,0,Retention
EMP0377,58,Male,Finance,Manager,23,1,88219,Internal Referral,2.2,2,3,0,3,25,16,3,0,Retention
EMP0378,54,Female,Engineering,Specialist,25,5,65186,Job Board,1.5,0,1,0,1,45,41,4,0,Retention
EMP0379,29,Female,Sales,Engineer,18,4,66966,Internal Referral,3.6,1,5,1,1,16,87,2,0,Retention
EMP0380,26,Female,Marketing,Manager,4,1,63769,Internal Referral,1.8,5,4,1,1,39,85,0,1,Turnover
EMP0381,60,Female,Engineering,Manager,6,1,83218,Job Board,2.7,9,5,1,2,48,62,1,0,Retention
EMP0382,25,Female,Sales,Manager,20,5,49229,Campus Recruitment,4,1,3,0,1,45,88,4,0,Retention
EMP0383,27,Female,Sales,Engineer,7,4,105209,Job Board,5.3,5,3,0,2,14,23,0,0,Retention
EMP0384,53,Female,Finance,Specialist,27,1,57877,Campus Recruitment,3.9,0,1,1,1,17,37,0,0,Retention
EMP0385,51,Female,Finance,Specialist,4,1,88001,Job Board,3.1,0,3,0,3,12,85,2,0,Retention
EMP0386,56,Male,Engineering,Specialist,16,4,68084,Campus Recruitment,3.4,4,2,0,5,29,87,3,0,Retention
EMP0387,61,Male,Marketing,Analyst,4,3,111780,Job Board,1.7,9,3,0,5,32,41,3,0,Retention
EMP0388,37,Male,Sales,Analyst,3,1,46806,Campus Recruitment,3,8,1,0,1,24,85,3,0,Retention
EMP0389,34,Male,Engineering,Analyst,21,2,118635,Job Board,3.1,7,1,0,5,13,57,1,1,Turnover
EMP0390,63,Female,Sales,Engineer,18,4,67034,Campus Recruitment,3.7,2,2,0,1,20,21,0,0,Retention
EMP0391,51,Male,Sales,Analyst,26,1,70317,Job Board,5.4,2,1,0,1,15,77,1,0,Retention
EMP0392,40,Female,Marketing,Engineer,20,5,85468,Internal Referral,1.6,0,4,1,4,4,58,0,1,Turnover
EMP0393,38,Male,Marketing,Specialist,1,2,49094,Campus Recruitment,3.1,2,5,0,4,34,53,2,0,Retention
EMP0394,40,Male,Engineering,Analyst,10,1,87796,Job Board,1.7,0,3,0,4,28,54,2,1,Turnover
EMP0395,49,Male,Marketing,Analyst,21,2,40589,Campus Recruitment,3,7,4,0,2,2,21,1,1,Turnover
EMP0396,47,Female,Marketing,Manager,12,2,87221,Campus Recruitment,2.6,0,3,0,4,47,84,1,0,Retention
EMP0397,58,Male,Engineering,Engineer,14,3,31657,Job Board,2,4,4,0,1,30,39,2,0,Retention
EMP0398,47,Female,Marketing,Specialist,11,2,69531,Campus Recruitment,4.4,8,3,1,3,26,73,4,0,Retention
EMP0399,44,Female,Finance,Manager,21,3,82227,Job Board,3.8,6,2,0,4,47,27,3,0,Retention
EMP0400,30,Male,Sales,Manager,20,4,33164,Internal Referral,4.3,3,1,1,4,26,76,3,0,Retention
EMP0401,33,Male,Sales,Specialist,21,3,113973,Campus Recruitment,3,8,1,0,3,20,22,2,0,Retention
EMP0402,22,Male,Sales,Manager,10,5,71247,Internal Referral,3.4,8,2,0,1,42,59,3,0,Retention
EMP0403,22,Female,Sales,Engineer,6,1,49601,Campus Recruitment,5.1,1,4,1,2,28,32,4,0,Retention
EMP0404,55,Male,Engineering,Engineer,27,4,80599,Campus Recruitment,3.5,9,5,0,4,20,74,4,0,Retention
EMP0405,53,Female,Sales,Analyst,4,4,101545,Campus Recruitment,4.3,9,4,0,3,11,74,0,1,Turnover
EMP0406,46,Female,Sales,Manager,16,5,34552,Job Board,2.9,5,1,0,1,10,16,1,0,Retention
EMP0407,61,Male,Sales,Analyst,23,3,39417,Internal Referral,4.2,3,5,0,5,23,80,3,0,Retention
EMP0408,22,Male,Sales,Manager,19,1,88579,Campus Recruitment,3,7,3,0,2,37,28,4,0,Retention
EMP0409,37,Female,Finance,Engineer,8,3,98207,Job Board,1.6,6,5,0,3,41,62,1,1,Turnover
EMP0410,60,Female,Sales,Engineer,13,2,102055,Campus Recruitment,3.5,6,4,0,3,19,70,1,1,Turnover
EMP0411,26,Female,Finance,Engineer,25,3,108270,Job Board,3,9,2,0,3,45,26,0,0,Retention
EMP0412,43,Male,Engineering,Manager,11,4,33722,Campus Recruitment,1.9,8,3,1,4,18,69,1,1,Turnover
EMP0413,50,Female,Marketing,Engineer,5,1,100442,Internal Referral,3.7,4,4,1,5,49,42,1,0,Retention
EMP0414,24,Male,Sales,Manager,16,3,70031,Internal Referral,2.6,5,3,1,2,27,18,2,1,Turnover
EMP0415,33,Female,Marketing,Analyst,18,1,109235,Campus Recruitment,6.6,0,5,0,1,6,50,0,0,Retention
EMP0416,47,Female,Marketing,Manager,18,1,51438,Job Board,2,5,1,1,1,10,64,0,0,Retention
EMP0417,37,Male,Engineering,Analyst,25,2,88819,Campus Recruitment,2.3,1,4,0,5,2,17,3,0,Retention
EMP0418,58,Female,Marketing,Manager,15,2,73856,Job Board,4.4,5,2,1,3,24,15,1,0,Retention
EMP0419,43,Male,Finance,Analyst,11,4,63576,Campus Recruitment,3.4,8,5,0,3,38,31,3,0,Retention
EMP0420,50,Male,Marketing,Engineer,11,5,71938,Job Board,4.3,7,4,0,3,28,85,4,0,Retention
EMP0421,35,Female,Marketing,Analyst,19,1,79028,Internal Referral,3.9,8,2,1,3,28,76,1,1,Turnover
EMP0422,49,Male,Marketing,Engineer,5,5,89807,Campus Recruitment,2.9,9,4,0,3,45,62,4,0,Retention
EMP0423,26,Male,Sales,Engineer,22,4,79877,Internal Referral,2.1,7,5,0,5,39,76,2,0,Retention
EMP0424,51,Female,Sales,Analyst,25,1,73461,Internal Referral,4.6,2,4,1,4,2,83,1,0,Retention
EMP0425,26,Male,Finance,Manager,3,1,70469,Campus Recruitment,2.2,7,3,1,2,46,33,3,0,Retention
EMP0426,33,Male,Finance,Manager,5,5,113136,Campus Recruitment,4.1,5,5,1,3,5,48,3,1,Turnover
EMP0427,37,Male,Sales,Specialist,10,3,50435,Job Board,4.4,5,4,0,4,11,63,1,0,Retention
EMP0428,47,Female,Finance,Manager,0,2,114117,Job Board,3.4,5,1,0,1,10,61,3,0,Retention
EMP0429,47,Male,Sales,Specialist,29,3,44191,Internal Referral,3.2,2,4,0,5,43,64,1,0,Retention
EMP0430,42,Female,Engineering,Manager,23,5,114726,Job Board,2.5,9,3,0,4,2,40,0,0,Retention
EMP0431,60,Female,Marketing,Manager,22,2,57386,Job Board,4,0,2,0,3,15,70,3,1,Turnover
EMP0432,57,Male,Marketing,Engineer,14,3,61721,Campus Recruitment,0.5,3,2,0,3,39,28,1,0,Retention
EMP0433,54,Male,Finance,Specialist,26,2,84786,Job Board,4.2,9,2,0,3,41,39,1,1,Turnover
EMP0434,51,Male,Sales,Manager,10,1,43704,Internal Referral,3.6,5,1,0,4,37,18,3,0,Retention
EMP0435,58,Female,Sales,Specialist,24,3,86635,Job Board,3.3,9,3,1,3,7,46,0,0,Retention
EMP0436,44,Male,Finance,Engineer,18,2,32123,Internal Referral,3.7,1,5,1,4,20,79,3,1,Turnover
EMP0437,31,Male,Sales,Engineer,17,2,92993,Campus Recruitment,2.1,6,2,1,3,34,75,1,0,Retention
EMP0438,26,Male,Engineering,Specialist,16,2,110122,Internal Referral,1.1,6,3,1,1,35,34,0,0,Retention
EMP0439,57,Male,Marketing,Engineer,18,3,55416,Job Board,4,3,4,0,1,34,88,4,0,Retention
EMP0440,55,Male,Finance,Analyst,20,4,31814,Campus Recruitment,4.8,3,1,1,2,22,24,2,0,Retention
EMP0441,52,Female,Finance,Analyst,13,3,108537,Job Board,1.8,0,3,0,3,31,48,3,1,Turnover
EMP0442,31,Female,Sales,Engineer,26,5,80258,Campus Recruitment,2.4,1,3,1,3,23,75,1,0,Retention
EMP0443,40,Male,Finance,Analyst,17,3,46508,Campus Recruitment,4.3,8,5,1,4,19,41,0,1,Turnover
EMP0444,53,Male,Engineering,Manager,27,2,115166,Job Board,3.9,9,3,1,4,4,54,0,0,Retention
EMP0445,22,Male,Sales,Specialist,18,1,108916,Job Board,6.5,7,5,0,3,24,79,4,0,Retention
EMP0446,26,Male,Sales,Manager,14,3,65699,Campus Recruitment,4.6,7,1,0,2,20,47,3,0,Retention
EMP0447,25,Female,Sales,Specialist,14,3,76335,Campus Recruitment,4.3,8,1,0,3,39,82,0,0,Retention
EMP0448,37,Male,Sales,Engineer,3,2,76806,Job Board,2.7,6,4,0,4,28,85,4,1,Turnover
EMP0449,45,Female,Engineering,Manager,6,1,107853,Internal Referral,4,8,5,0,3,39,23,1,0,Retention
EMP0450,37,Female,Sales,Engineer,12,1,93768,Job Board,5,9,5,0,4,17,30,4,0,Retention
EMP0451,23,Male,Finance,Engineer,2,5,65739,Campus Recruitment,3.3,1,2,0,3,19,19,3,1,Turnover
EMP0452,49,Female,Engineering,Specialist,15,3,64785,Job Board,3.4,5,2,0,5,48,37,4,0,Retention
EMP0453,53,Female,Marketing,Specialist,8,1,61980,Internal Referral,3.6,2,4,1,4,35,57,0,0,Retention
EMP0454,48,Female,Marketing,Specialist,7,1,119335,Job Board,2.8,5,1,0,2,32,71,0,1,Turnover
EMP0455,41,Female,Finance,Manager,19,4,115016,Campus Recruitment,3.8,2,2,0,5,47,65,2,0,Retention
EMP0456,45,Male,Finance,Analyst,12,4,31609,Job Board,3.7,7,3,1,3,46,27,4,0,Retention
EMP0457,33,Male,Engineering,Specialist,16,1,96253,Campus Recruitment,5,3,1,0,4,47,38,1,0,Retention
EMP0458,56,Female,Marketing,Specialist,16,5,115481,Campus Recruitment,3.3,9,3,1,5,46,25,3,0,Retention
EMP0459,54,Male,Marketing,Manager,16,1,58141,Job Board,4.2,5,5,0,2,39,66,2,0,Retention
EMP0460,54,Male,Marketing,Specialist,0,2,60009,Campus Recruitment,3.3,8,1,0,4,35,31,4,0,Retention
EMP0461,64,Male,Marketing,Manager,7,3,36782,Campus Recruitment,4.1,1,4,0,5,30,51,1,0,Retention
EMP0462,58,Male,Marketing,Engineer,18,5,55933,Internal Referral,3.2,1,5,0,5,17,27,2,0,Retention
EMP0463,33,Male,Sales,Specialist,5,2,107154,Internal Referral,4.1,6,5,0,5,42,76,0,1,Turnover
EMP0464,24,Female,Finance,Specialist,2,5,38307,Internal Referral,4.2,1,3,0,1,47,22,3,0,Retention
EMP0465,22,Male,Sales,Engineer,26,2,105874,Internal Referral,2.4,1,5,0,3,29,70,4,0,Retention
EMP0466,54,Male,Marketing,Engineer,4,3,68346,Campus Recruitment,4.6,3,2,0,4,6,84,1,0,Retention
EMP0467,61,Male,Engineering,Engineer,12,3,80772,Job Board,3.3,8,1,0,4,17,58,0,0,Retention
EMP0468,31,Male,Engineering,Specialist,14,4,102084,Campus Recruitment,3,7,2,0,4,17,74,2,0,Retention
EMP0469,64,Female,Marketing,Analyst,13,2,70149,Campus Recruitment,2.8,1,3,0,5,14,55,3,0,Retention
EMP0470,50,Female,Marketing,Analyst,28,4,116700,Campus Recruitment,3.8,7,3,0,3,24,35,2,0,Retention
EMP0471,34,Female,Engineering,Analyst,22,2,57526,Job Board,3.5,3,1,0,2,37,56,2,0,Retention
EMP0472,33,Female,Sales,Specialist,15,4,115712,Internal Referral,3.9,1,5,0,4,40,88,1,0,Retention
EMP0473,52,Male,Sales,Engineer,17,3,98477,Campus Recruitment,3.9,9,4,0,3,39,88,0,0,Retention
EMP0474,23,Female,Marketing,Specialist,21,5,35695,Campus Recruitment,4.1,6,3,1,3,32,43,4,0,Retention
EMP0475,56,Male,Sales,Engineer,28,4,69169,Internal Referral,6.3,5,1,0,1,36,79,1,0,Retention
EMP0476,44,Male,Engineering,Specialist,21,2,77947,Campus Recruitment,3.5,9,4,1,4,37,31,3,0,Retention
EMP0477,38,Male,Sales,Specialist,10,2,77224,Job Board,2.8,4,5,1,5,48,44,2,0,Retention
EMP0478,47,Male,Marketing,Engineer,2,3,75865,Campus Recruitment,1.5,0,3,0,3,14,40,3,0,Retention
EMP0479,29,Male,Engineering,Analyst,21,2,55553,Campus Recruitment,2.3,1,1,0,3,27,67,1,0,Retention
EMP0480,50,Female,Sales,Engineer,9,1,90410,Internal Referral,4.7,7,1,1,2,19,33,1,0,Retention
EMP0481,47,Female,Finance,Manager,9,5,54816,Campus Recruitment,4.2,0,1,1,1,31,67,4,1,Turnover
EMP0482,31,Female,Engineering,Manager,29,4,85026,Campus Recruitment,2.2,2,3,0,3,46,31,2,1,Turnover
EMP0483,47,Female,Engineering,Engineer,20,5,80705,Job Board,6,1,4,1,3,9,60,1,0,Retention
EMP0484,55,Male,Finance,Specialist,15,3,91922,Internal Referral,3.8,4,1,1,5,38,67,3,0,Retention
EMP0485,62,Female,Finance,Manager,11,4,103914,Internal Referral,4,3,5,0,5,17,78,4,0,Retention
EMP0486,28,Male,Engineering,Manager,1,4,31881,Job Board,5.7,6,1,1,2,19,59,3,0,Retention
EMP0487,25,Female,Finance,Specialist,8,1,69567,Campus Recruitment,5.2,4,4,0,2,44,63,2,0,Retention
EMP0488,32,Male,Marketing,Specialist,23,3,77365,Internal Referral,4.3,7,3,0,2,4,33,4,0,Retention
EMP0489,50,Male,Marketing,Analyst,2,2,109211,Internal Referral,4.3,3,1,1,5,48,85,4,0,Retention
EMP0490,57,Female,Marketing,Specialist,23,1,100122,Campus Recruitment,4.4,5,1,1,5,11,79,4,0,Retention
EMP0491,46,Male,Engineering,Engineer,29,1,55006,Campus Recruitment,3.3,3,5,0,1,22,51,0,1,Turnover
EMP0492,42,Male,Finance,Engineer,24,5,71198,Internal Referral,3.8,1,5,0,4,4,84,4,0,Retention
EMP0493,57,Female,Finance,Analyst,29,5,52831,Campus Recruitment,4.1,0,1,0,4,17,40,3,0,Retention
EMP0494,31,Male,Sales,Manager,14,5,46459,Internal Referral,3.4,0,1,1,1,8,16,3,0,Retention
EMP0495,58,Female,Sales,Manager,2,1,62443,Campus Recruitment,2.5,7,5,0,4,46,73,2,0,Retention
EMP0496,30,Female,Finance,Specialist,18,2,72316,Campus Recruitment,3.2,3,4,1,5,34,19,1,1,Turnover
EMP0497,45,Female,Finance,Engineer,17,4,94486,Job Board,2.5,4,2,1,4,11,51,1,0,Retention
EMP0498,56,Male,Finance,Manager,7,5,35877,Campus Recruitment,3.6,7,2,0,5,31,45,0,0,Retention
EMP0499,56,Male,Engineering,Analyst,25,2,69553,Job Board,1.7,6,1,0,1,11,62,4,0,Retention
EMP0500,57,Male,Finance,Analyst,16,3,34922,Campus Recruitment,3.8,7,5,0,2,38,20,0,1,Turnover
EMP0501,39,Female,Sales,Engineer,7,5,34686,Internal Referral,1.9,7,3,0,1,21,29,2,1,Turnover
EMP0502,60,Male,Engineering,Analyst,6,4,62766,Internal Referral,3.1,5,3,0,4,46,29,2,0,Retention
EMP0503,53,Female,Finance,Analyst,29,3,109943,Campus Recruitment,4,9,2,0,5,30,75,1,0,Retention
EMP0504,45,Female,Sales,Engineer,6,3,62006,Campus Recruitment,4.3,1,4,0,4,10,30,2,0,Retention
EMP0505,44,Male,Engineering,Specialist,2,4,61422,Internal Referral,4.2,5,2,0,4,26,34,4,0,Retention
EMP0506,53,Female,Finance,Specialist,0,5,42205,Campus Recruitment,3.8,0,1,0,2,27,58,3,1,Turnover
EMP0507,58,Male,Finance,Analyst,3,1,116590,Job Board,2.4,0,4,0,4,8,56,2,0,Retention
EMP0508,33,Male,Finance,Specialist,24,4,53527,Job Board,4.5,2,3,0,2,39,60,0,1,Turnover
EMP0509,34,Male,Engineering,Specialist,4,4,48443,Job Board,2.4,2,5,0,5,8,48,4,0,Retention
EMP0510,44,Male,Sales,Analyst,0,4,46524,Job Board,4.6,4,5,0,5,8,78,2,1,Turnover
EMP0511,46,Male,Sales,Specialist,14,3,58202,Job Board,4.1,0,1,0,2,34,43,2,0,Retention
EMP0512,56,Female,Marketing,Analyst,4,2,95552,Campus Recruitment,4.9,9,2,0,1,16,17,4,1,Turnover
EMP0513,62,Female,Finance,Manager,12,1,76142,Campus Recruitment,3.5,5,1,1,5,41,23,2,0,Retention
EMP0514,51,Female,Marketing,Engineer,7,5,91692,Job Board,2.7,6,5,0,1,13,89,3,0,Retention
EMP0515,38,Male,Marketing,Engineer,7,5,112384,Campus Recruitment,2.2,9,3,0,5,23,89,1,0,Retention
EMP0516,41,Male,Sales,Specialist,4,2,50855,Campus Recruitment,2.3,2,5,1,5,12,39,4,0,Retention
EMP0517,46,Male,Engineering,Specialist,27,4,113747,Job Board,1.9,3,4,0,3,27,56,0,0,Retention
EMP0518,43,Female,Engineering,Specialist,8,1,90372,Campus Recruitment,4.4,9,5,0,4,22,60,2,1,Turnover
EMP0519,34,Male,Sales,Engineer,0,5,55095,Campus Recruitment,4.6,9,5,1,4,32,87,1,0,Retention
EMP0520,40,Female,Engineering,Manager,3,5,68724,Campus Recruitment,4.1,9,4,1,1,49,73,0,0,Retention
EMP0521,57,Female,Marketing,Manager,2,4,79241,Job Board,3.5,9,2,1,4,27,35,0,0,Retention
EMP0522,33,Male,Finance,Engineer,1,2,82003,Campus Recruitment,5.6,9,5,1,1,2,88,3,1,Turnover
EMP0523,62,Male,Sales,Manager,7,1,98379,Internal Referral,3.4,2,1,0,5,45,36,1,0,Retention
EMP0524,40,Female,Finance,Engineer,22,2,45972,Internal Referral,3.7,0,5,0,3,33,43,4,0,Retention
EMP0525,33,Male,Engineering,Manager,8,2,52927,Job Board,3.5,7,1,0,3,26,77,1,0,Retention
EMP0526,30,Female,Finance,Analyst,1,1,96630,Internal Referral,3.2,9,4,0,5,28,87,1,0,Retention
EMP0527,28,Male,Engineering,Analyst,13,1,82347,Job Board,4.1,9,5,0,2,19,75,0,0,Retention
EMP0528,49,Male,Engineering,Engineer,13,5,118860,Internal Referral,2.9,1,4,1,2,43,78,3,0,Retention
EMP0529,35,Female,Marketing,Manager,3,5,116210,Internal Referral,2.8,0,4,0,4,5,83,3,0,Retention
EMP0530,52,Male,Engineering,Specialist,29,1,99518,Internal Referral,4.2,7,2,0,1,33,54,1,0,Retention
EMP0531,40,Female,Marketing,Manager,5,3,75283,Job Board,3,6,5,1,3,20,89,1,0,Retention
EMP0532,37,Male,Marketing,Analyst,10,5,111326,Job Board,3.6,6,1,1,4,30,15,2,0,Retention
EMP0533,26,Female,Marketing,Analyst,2,3,42205,Campus Recruitment,3.2,3,1,0,5,45,79,0,0,Retention
EMP0534,56,Female,Sales,Manager,7,1,119874,Job Board,3.5,8,5,1,3,8,76,4,0,Retention
EMP0535,33,Male,Sales,Manager,2,5,42748,Internal Referral,2.8,5,2,1,1,38,68,4,0,Retention
EMP0536,46,Female,Engineering,Specialist,13,2,51097,Internal Referral,2.9,1,2,0,1,17,74,3,0,Retention
EMP0537,42,Male,Marketing,Specialist,27,1,33092,Job Board,2.7,0,2,0,2,44,60,0,0,Retention
EMP0538,57,Male,Sales,Manager,12,4,83311,Job Board,4.3,0,1,0,4,1,19,3,0,Retention
EMP0539,44,Male,Marketing,Manager,12,3,52692,Job Board,3.7,8,4,0,5,3,36,4,0,Retention
EMP0540,37,Female,Finance,Manager,1,1,53862,Campus Recruitment,4.4,3,2,0,3,46,67,1,0,Retention
EMP0541,60,Female,Finance,Manager,12,1,109507,Internal Referral,4.5,4,1,1,1,26,84,0,0,Retention
EMP0542,63,Male,Finance,Engineer,28,5,110152,Campus Recruitment,3,2,1,1,3,31,46,0,0,Retention
EMP0543,60,Male,Engineering,Manager,18,5,100469,Campus Recruitment,4.4,3,4,1,5,8,25,2,1,Turnover
EMP0544,35,Female,Marketing,Specialist,26,5,34926,Internal Referral,3.5,7,5,1,3,43,24,1,0,Retention
EMP0545,52,Male,Finance,Analyst,5,4,33969,Internal Referral,3.3,3,5,1,4,46,53,1,0,Retention
EMP0546,26,Male,Sales,Engineer,15,5,65733,Job Board,4.8,8,2,0,2,8,45,3,0,Retention
EMP0547,56,Female,Finance,Manager,1,1,99855,Job Board,4.1,8,2,0,3,35,26,0,0,Retention
EMP0548,44,Male,Finance,Analyst,7,5,71743,Campus Recruitment,3.1,5,4,1,2,39,52,3,0,Retention
EMP0549,50,Female,Finance,Engineer,16,2,69876,Job Board,4,1,2,0,5,28,81,1,0,Retention
EMP0550,64,Male,Engineering,Analyst,22,5,50323,Job Board,2.2,9,4,0,2,4,80,2,1,Turnover
EMP0551,32,Female,Sales,Manager,1,4,46428,Internal Referral,3.7,6,1,0,3,16,66,0,0,Retention
EMP0552,39,Male,Marketing,Manager,9,2,64578,Internal Referral,2,8,2,1,3,13,19,1,0,Retention
EMP0553,33,Male,Sales,Specialist,27,1,116486,Job Board,2.5,5,1,0,1,20,25,2,0,Retention
EMP0554,30,Female,Marketing,Manager,15,1,94140,Internal Referral,4.1,2,3,1,3,5,39,4,0,Retention
EMP0555,31,Male,Engineering,Manager,5,3,113829,Job Board,0.8,6,4,0,2,37,49,1,0,Retention
EMP0556,38,Female,Engineering,Engineer,27,2,36364,Internal Referral,5.3,4,3,0,1,20,49,4,0,Retention
EMP0557,59,Male,Engineering,Specialist,1,3,65349,Internal Referral,4.3,0,2,0,3,24,36,3,0,Retention
EMP0558,28,Female,Engineering,Engineer,1,2,30691,Internal Referral,1.7,2,1,1,3,36,51,4,0,Retention
EMP0559,34,Female,Marketing,Analyst,25,2,96467,Internal Referral,5.9,4,2,0,5,34,69,1,1,Turnover
EMP0560,61,Female,Finance,Manager,12,4,75896,Job Board,6.2,6,3,1,1,45,89,4,0,Retention
EMP0561,63,Female,Marketing,Analyst,23,3,87062,Campus Recruitment,3.3,2,2,0,5,48,86,0,0,Retention
EMP0562,30,Male,Sales,Engineer,14,4,109762,Internal Referral,2.6,5,5,0,5,34,78,1,0,Retention
EMP0563,48,Male,Engineering,Manager,27,2,43861,Job Board,5.2,4,3,0,5,19,34,2,0,Retention
EMP0564,23,Female,Engineering,Manager,1,1,118302,Job Board,3.2,0,2,0,4,17,18,4,1,Turnover
EMP0565,26,Female,Sales,Engineer,6,2,93928,Internal Referral,3.7,9,1,0,5,5,32,0,0,Retention
EMP0566,50,Female,Marketing,Engineer,2,4,113231,Campus Recruitment,4.7,5,2,0,2,25,65,3,0,Retention
EMP0567,58,Male,Finance,Engineer,7,3,71347,Internal Referral,3.3,7,1,1,3,18,82,3,0,Retention
EMP0568,59,Male,Finance,Engineer,22,3,33121,Job Board,3.3,0,5,0,4,8,34,4,0,Retention
EMP0569,40,Male,Sales,Engineer,13,4,113793,Campus Recruitment,2.2,1,2,0,5,27,23,3,0,Retention
EMP0570,29,Male,Finance,Manager,23,3,58164,Job Board,2.9,3,5,1,3,15,40,2,0,Retention
EMP0571,22,Female,Marketing,Engineer,29,5,55491,Internal Referral,3.2,1,3,0,1,45,39,1,1,Turnover
EMP0572,43,Female,Marketing,Manager,22,1,89222,Campus Recruitment,2.3,8,1,0,1,13,82,0,1,Turnover
EMP0573,38,Female,Sales,Manager,26,1,53165,Job Board,2.4,9,3,0,3,16,55,4,0,Retention
EMP0574,28,Male,Marketing,Engineer,21,1,33748,Job Board,3.5,7,1,0,2,22,73,3,0,Retention
EMP0575,46,Male,Engineering,Engineer,28,3,56553,Job Board,1.7,7,5,0,3,20,59,1,0,Retention
EMP0576,25,Male,Sales,Specialist,6,3,90380,Internal Referral,2.6,3,4,1,3,13,55,2,0,Retention
EMP0577,57,Female,Marketing,Manager,20,2,74331,Campus Recruitment,5.4,4,2,0,4,20,52,3,0,Retention
EMP0578,27,Female,Sales,Engineer,6,2,69560,Internal Referral,3.2,3,5,0,1,2,33,3,0,Retention
EMP0579,52,Male,Finance,Engineer,0,1,83865,Internal Referral,3,8,1,0,1,35,28,0,0,Retention
EMP0580,40,Female,Marketing,Engineer,16,5,76686,Internal Referral,3.2,1,1,1,5,47,35,2,0,Retention
EMP0581,60,Male,Engineering,Specialist,8,2,105910,Campus Recruitment,3.2,7,1,0,3,19,29,2,1,Turnover
EMP0582,48,Male,Marketing,Specialist,29,2,34675,Internal Referral,4.1,1,1,1,3,45,17,4,1,Turnover
EMP0583,31,Female,Sales,Analyst,20,3,96706,Internal Referral,4,0,2,1,2,37,51,0,0,Retention
EMP0584,47,Male,Sales,Manager,12,5,107986,Internal Referral,3.1,9,3,1,1,6,60,4,1,Turnover
EMP0585,40,Female,Marketing,Analyst,20,1,106216,Internal Referral,3.3,2,4,1,2,14,30,0,0,Retention
EMP0586,60,Male,Engineering,Engineer,18,2,40068,Job Board,4.8,8,2,0,4,4,28,2,0,Retention
EMP0587,24,Female,Engineering,Specialist,20,5,84460,Internal Referral,2,2,1,1,5,22,23,0,0,Retention
EMP0588,34,Female,Engineering,Specialist,18,5,76418,Job Board,3.4,8,2,0,2,39,21,0,0,Retention
EMP0589,49,Female,Sales,Analyst,24,1,56206,Internal Referral,3.6,6,5,1,1,36,28,0,1,Turnover
EMP0590,41,Male,Marketing,Specialist,24,5,30287,Campus Recruitment,2.7,9,1,0,4,34,20,1,0,Retention
EMP0591,49,Male,Finance,Engineer,21,5,52337,Job Board,3.4,0,4,1,3,27,29,1,1,Turnover
EMP0592,29,Female,Sales,Specialist,16,5,50666,Job Board,2.6,9,1,0,4,7,66,2,0,Retention
EMP0593,62,Female,Engineering,Analyst,22,2,31161,Job Board,4.1,4,4,0,2,3,86,0,0,Retention
EMP0594,60,Male,Marketing,Engineer,22,1,68751,Job Board,2.2,8,4,1,1,47,48,2,0,Retention
EMP0595,22,Male,Engineering,Analyst,29,5,112063,Campus Recruitment,4.6,2,3,0,2,33,15,1,0,Retention
EMP0596,24,Male,Finance,Specialist,9,5,119389,Internal Referral,3.4,8,3,0,3,2,83,0,0,Retention
EMP0597,34,Female,Engineering,Analyst,9,2,44758,Job Board,3.1,4,2,0,3,42,34,4,0,Retention
EMP0598,49,Male,Engineering,Analyst,3,1,95780,Campus Recruitment,2.5,8,2,1,1,16,21,1,0,Retention
EMP0599,46,Male,Finance,Manager,7,3,33178,Job Board,4.5,9,4,0,5,25,21,1,0,Retention
EMP0600,54,Female,Marketing,Specialist,21,2,61831,Internal Referral,2.8,5,1,0,4,15,64,1,0,Retention
EMP0601,59,Male,Sales,Specialist,19,1,32176,Job Board,2.3,8,5,0,4,24,16,0,0,Retention
EMP0602,27,Male,Marketing,Analyst,19,5,63654,Campus Recruitment,4.6,6,5,0,3,15,61,3,0,Retention
EMP0603,53,Male,Finance,Manager,17,1,56627,Internal Referral,2.6,6,1,1,2,31,28,4,0,Retention
EMP0604,42,Female,Engineering,Specialist,13,1,82550,Campus Recruitment,3.4,7,1,1,2,14,45,4,0,Retention
EMP0605,37,Female,Marketing,Engineer,17,1,74910,Internal Referral,4.3,6,3,0,5,14,64,2,1,Turnover
EMP0606,42,Female,Sales,Analyst,27,3,88251,Internal Referral,3.7,8,5,0,2,6,75,0,0,Retention
EMP0607,32,Female,Finance,Specialist,13,1,65422,Internal Referral,5.2,8,4,1,4,14,55,1,0,Retention
EMP0608,58,Female,Marketing,Engineer,19,3,41984,Job Board,2.7,5,2,0,2,17,28,3,1,Turnover
EMP0609,57,Female,Sales,Specialist,20,5,119312,Campus Recruitment,3.3,6,3,0,5,18,19,0,1,Turnover
EMP0610,56,Female,Finance,Engineer,23,3,91386,Campus Recruitment,3.4,1,5,0,4,20,89,0,1,Turnover
EMP0611,40,Male,Sales,Analyst,14,5,113291,Campus Recruitment,4.1,8,1,0,2,17,19,3,0,Retention
EMP0612,41,Male,Finance,Specialist,21,5,37135,Internal Referral,4.8,0,5,0,4,16,78,1,0,Retention
EMP0613,39,Female,Engineering,Specialist,29,3,30320,Job Board,3.6,0,4,0,3,40,43,0,0,Retention
EMP0614,62,Male,Marketing,Manager,3,2,51684,Internal Referral,3.4,2,3,0,3,39,89,4,0,Retention
EMP0615,35,Male,Sales,Analyst,12,4,85913,Campus Recruitment,2,5,1,0,3,32,19,4,1,Turnover
EMP0616,36,Female,Finance,Engineer,26,1,118774,Job Board,3.6,4,4,1,2,44,50,3,0,Retention
EMP0617,52,Male,Sales,Specialist,22,4,51889,Job Board,2.8,1,2,0,5,9,33,1,0,Retention
EMP0618,22,Male,Sales,Specialist,7,1,78899,Job Board,4.1,8,3,1,4,27,78,3,0,Retention
EMP0619,24,Male,Marketing,Engineer,17,1,40770,Campus Recruitment,3.1,9,4,0,1,46,36,0,0,Retention
EMP0620,37,Male,Engineering,Analyst,11,5,69321,Job Board,3.3,3,4,1,3,33,48,4,0,Retention
EMP0621,44,Male,Sales,Manager,22,1,115962,Job Board,2,3,1,1,3,10,70,2,0,Retention
EMP0622,32,Female,Finance,Manager,13,1,71777,Internal Referral,1.7,4,2,1,1,17,31,3,1,Turnover
EMP0623,33,Female,Finance,Specialist,1,3,76250,Internal Referral,5.4,7,4,1,1,49,70,2,1,Turnover
EMP0624,31,Female,Engineering,Engineer,17,4,103034,Job Board,3.6,9,3,0,2,49,31,2,0,Retention
EMP0625,53,Male,Finance,Specialist,23,3,70130,Job Board,3.9,3,4,0,4,36,88,4,0,Retention
EMP0626,37,Female,Engineering,Engineer,1,1,111931,Internal Referral,2.6,4,5,0,3,17,32,3,0,Retention
EMP0627,29,Male,Finance,Manager,10,5,79346,Internal Referral,4.4,3,3,0,5,18,59,2,0,Retention
EMP0628,59,Male,Marketing,Analyst,8,3,32537,Internal Referral,4.2,5,3,0,2,23,70,0,1,Turnover
EMP0629,33,Male,Sales,Engineer,11,3,114762,Campus Recruitment,2.7,2,4,1,2,34,64,1,0,Retention
EMP0630,45,Male,Marketing,Manager,16,2,45216,Campus Recruitment,2.4,7,1,0,5,8,72,1,0,Retention
EMP0631,49,Female,Sales,Specialist,14,1,114149,Internal Referral,2.8,5,3,0,5,13,32,4,0,Retention
EMP0632,29,Female,Sales,Engineer,24,5,33009,Job Board,3.5,9,5,1,5,23,21,3,0,Retention
EMP0633,49,Male,Sales,Analyst,16,3,119904,Internal Referral,3.7,4,1,0,1,20,24,3,0,Retention
EMP0634,57,Female,Marketing,Specialist,25,3,59327,Campus Recruitment,3.5,1,1,0,3,22,83,1,0,Retention
EMP0635,47,Male,Sales,Specialist,28,5,44209,Job Board,4.8,9,1,1,1,47,17,0,0,Retention
EMP0636,29,Female,Marketing,Manager,25,1,78443,Campus Recruitment,2.8,9,3,0,3,23,58,1,0,Retention
EMP0637,49,Female,Engineering,Engineer,17,2,45029,Job Board,2.4,6,1,0,1,41,84,1,0,Retention
EMP0638,49,Male,Finance,Specialist,21,3,97613,Campus Recruitment,3.5,1,4,1,4,35,28,3,1,Turnover
EMP0639,58,Female,Finance,Analyst,5,2,109443,Job Board,1.8,0,1,1,3,3,18,2,0,Retention
EMP0640,62,Male,Sales,Engineer,16,4,86997,Job Board,4.2,6,5,1,2,34,32,0,0,Retention
EMP0641,57,Female,Marketing,Analyst,22,1,92559,Job Board,3.6,4,2,0,3,33,66,3,0,Retention
EMP0642,48,Male,Finance,Specialist,23,4,94892,Job Board,3.2,0,5,1,3,46,52,1,0,Retention
EMP0643,38,Male,Marketing,Analyst,17,4,100409,Campus Recruitment,3.1,3,3,0,3,17,34,2,0,Retention
EMP0644,30,Female,Marketing,Manager,7,4,38635,Campus Recruitment,4.4,3,1,0,4,45,58,0,1,Turnover
EMP0645,54,Female,Sales,Analyst,8,1,63065,Job Board,4.4,9,1,0,1,19,65,4,0,Retention
EMP0646,41,Male,Finance,Engineer,5,1,63783,Job Board,3.3,6,4,0,2,30,33,0,0,Retention
EMP0647,34,Female,Sales,Analyst,4,5,64152,Campus Recruitment,4.1,8,1,0,1,23,82,0,0,Retention
EMP0648,49,Female,Sales,Analyst,11,2,88741,Job Board,4.4,1,5,0,1,15,80,1,0,Retention
EMP0649,50,Male,Finance,Manager,24,2,81502,Job Board,3.8,0,3,0,5,14,27,1,0,Retention
EMP0650,34,Male,Finance,Analyst,28,5,59092,Job Board,3.3,1,2,0,4,2,76,4,1,Turnover
EMP0651,56,Female,Engineering,Analyst,27,5,47653,Internal Referral,3.9,6,1,1,5,39,75,4,0,Retention
EMP0652,27,Male,Engineering,Specialist,10,4,70469,Job Board,2.5,9,2,0,4,49,44,4,0,Retention
EMP0653,39,Male,Marketing,Specialist,24,5,116483,Internal Referral,3.6,5,1,0,1,18,44,3,0,Retention
EMP0654,26,Male,Finance,Engineer,0,3,89754,Job Board,3.3,3,3,0,1,6,65,3,0,Retention
EMP0655,46,Female,Engineering,Specialist,10,2,59978,Campus Recruitment,3.1,0,5,0,4,32,62,1,0,Retention
EMP0656,23,Female,Marketing,Specialist,18,5,117592,Internal Referral,1.8,0,3,0,1,21,47,1,0,Retention
EMP0657,31,Male,Marketing,Specialist,8,3,73169,Internal Referral,2.5,4,2,0,1,40,88,4,0,Retention
EMP0658,51,Female,Marketing,Specialist,26,3,78287,Job Board,3,0,1,0,2,28,33,3,0,Retention
EMP0659,26,Male,Engineering,Manager,1,3,84745,Job Board,4.4,6,2,1,5,27,85,2,0,Retention
EMP0660,54,Female,Finance,Specialist,11,3,35543,Internal Referral,3.8,0,5,0,5,2,71,3,0,Retention
EMP0661,22,Male,Sales,Manager,3,4,86392,Campus Recruitment,4.4,0,3,0,5,33,33,1,0,Retention
EMP0662,39,Male,Marketing,Manager,3,3,51067,Campus Recruitment,4.7,1,2,0,3,16,55,3,0,Retention
EMP0663,53,Female,Engineering,Specialist,17,4,81033,Job Board,3.8,9,2,0,2,39,56,1,0,Retention
EMP0664,32,Male,Engineering,Analyst,14,4,75256,Campus Recruitment,3.6,2,5,0,5,22,66,4,0,Retention
EMP0665,42,Female,Sales,Manager,18,3,99345,Campus Recruitment,2.5,0,1,0,5,43,18,4,0,Retention
EMP0666,47,Female,Sales,Analyst,12,2,52191,Job Board,5.5,8,2,0,2,47,18,4,0,Retention
EMP0667,46,Male,Engineering,Analyst,18,3,116803,Campus Recruitment,2.1,9,5,1,1,13,19,2,1,Turnover
EMP0668,43,Male,Finance,Specialist,16,3,102742,Job Board,3.6,7,1,1,5,2,55,2,0,Retention
EMP0669,48,Female,Sales,Engineer,5,3,116593,Internal Referral,4.3,4,1,0,1,14,75,1,0,Retention
EMP0670,34,Male,Engineering,Specialist,15,2,58992,Job Board,4.3,1,3,1,5,38,89,0,0,Retention
EMP0671,54,Male,Sales,Engineer,23,1,111531,Internal Referral,2.3,4,5,0,4,41,69,2,0,Retention
EMP0672,55,Male,Finance,Engineer,11,1,78803,Internal Referral,3.1,5,1,1,3,28,89,1,0,Retention
EMP0673,62,Male,Marketing,Specialist,18,4,93477,Campus Recruitment,2.7,0,3,0,5,7,27,3,0,Retention
EMP0674,56,Male,Sales,Specialist,4,4,43210,Campus Recruitment,1.5,3,4,0,4,18,28,4,0,Retention
EMP0675,22,Female,Finance,Engineer,16,2,113329,Campus Recruitment,3.6,8,5,1,2,41,74,4,0,Retention
EMP0676,42,Female,Engineering,Specialist,25,5,56270,Job Board,2.8,1,4,1,4,36,86,4,0,Retention
EMP0677,27,Male,Sales,Engineer,22,1,92008,Campus Recruitment,5,4,1,1,2,41,39,1,0,Retention
EMP0678,49,Male,Sales,Analyst,25,4,35197,Internal Referral,4.1,0,5,0,5,36,58,4,0,Retention
EMP0679,38,Male,Engineering,Specialist,28,1,37452,Campus Recruitment,3.5,3,3,1,2,44,24,2,0,Retention
EMP0680,26,Female,Marketing,Analyst,0,2,71486,Campus Recruitment,3,3,1,1,4,4,85,3,0,Retention
EMP0681,52,Male,Engineering,Manager,27,2,44859,Job Board,3.6,5,5,0,3,30,64,4,0,Retention
EMP0682,26,Female,Sales,Analyst,26,5,57236,Job Board,3.2,9,5,0,1,24,58,1,0,Retention
EMP0683,59,Female,Engineering,Analyst,24,5,61899,Internal Referral,3.6,8,4,0,1,20,28,3,0,Retention
EMP0684,24,Female,Finance,Engineer,23,2,62083,Job Board,5.4,2,1,1,3,46,29,4,0,Retention
EMP0685,44,Male,Engineering,Analyst,22,4,97708,Campus Recruitment,2.4,8,3,0,1,31,30,0,0,Retention
EMP0686,58,Female,Sales,Specialist,9,1,46663,Job Board,3.3,5,3,0,5,24,16,4,1,Turnover
EMP0687,58,Male,Engineering,Engineer,14,3,49053,Internal Referral,4.2,6,1,0,5,7,44,2,0,Retention
EMP0688,31,Female,Marketing,Manager,22,5,41085,Campus Recruitment,3.1,9,1,0,4,26,44,3,0,Retention
EMP0689,31,Male,Engineering,Specialist,20,3,60564,Internal Referral,5.1,1,2,0,4,13,45,2,0,Retention
EMP0690,40,Female,Marketing,Manager,20,4,119745,Job Board,4.2,9,4,0,2,8,34,0,0,Retention
EMP0691,38,Male,Finance,Analyst,10,5,89095,Job Board,2.8,5,1,1,4,5,63,0,0,Retention
EMP0692,42,Female,Marketing,Specialist,12,3,99517,Internal Referral,3.7,5,1,0,5,44,49,2,0,Retention
EMP0693,35,Male,Engineering,Specialist,4,4,51153,Campus Recruitment,2.8,1,2,1,4,13,37,3,0,Retention
EMP0694,30,Male,Sales,Manager,0,1,35247,Job Board,2.7,1,2,0,1,29,75,0,1,Turnover
EMP0695,22,Male,Marketing,Specialist,23,4,40553,Job Board,3.4,1,5,0,2,20,69,0,0,Retention
EMP0696,34,Male,Finance,Specialist,11,5,50811,Campus Recruitment,4.8,9,3,0,2,14,81,4,0,Retention
EMP0697,25,Female,Marketing,Specialist,10,2,36135,Job Board,4.2,0,4,0,5,32,22,1,0,Retention
EMP0698,22,Female,Marketing,Analyst,16,1,35573,Internal Referral,3.5,4,5,0,4,27,54,0,1,Turnover
EMP0699,61,Male,Marketing,Manager,3,3,109267,Job Board,4.3,7,1,1,1,25,73,3,1,Turnover
EMP0700,53,Female,Finance,Specialist,14,5,37189,Job Board,3.8,1,2,0,4,4,46,3,0,Retention
EMP0701,55,Male,Engineering,Engineer,24,2,110077,Campus Recruitment,2.3,4,3,0,3,21,21,4,0,Retention
EMP0702,49,Male,Marketing,Engineer,29,4,73646,Internal Referral,3.4,7,5,0,4,18,16,3,0,Retention
EMP0703,52,Female,Marketing,Engineer,8,2,106623,Campus Recruitment,3.4,9,3,0,5,39,20,4,0,Retention
EMP0704,29,Male,Sales,Engineer,20,5,83687,Job Board,4.3,4,2,1,4,15,50,0,0,Retention
EMP0705,60,Male,Finance,Analyst,19,5,98312,Job Board,2.9,1,5,0,2,38,46,0,0,Retention
EMP0706,47,Female,Marketing,Specialist,18,2,57564,Campus Recruitment,2.6,2,5,0,1,48,59,0,1,Turnover
EMP0707,55,Male,Finance,Manager,18,4,58835,Campus Recruitment,3.5,5,3,0,5,24,56,0,0,Retention
EMP0708,24,Male,Marketing,Specialist,11,2,91587,Campus Recruitment,2.9,4,2,0,3,8,67,1,0,Retention
EMP0709,33,Male,Engineering,Analyst,4,5,37697,Internal Referral,3.2,3,1,0,1,28,23,1,0,Retention
EMP0710,22,Male,Engineering,Engineer,9,5,110165,Job Board,3.4,3,5,0,1,21,89,0,0,Retention
EMP0711,26,Female,Marketing,Analyst,16,3,103922,Campus Recruitment,3.1,4,1,0,2,16,89,3,0,Retention
EMP0712,51,Female,Engineering,Specialist,4,3,47046,Job Board,4.5,1,2,0,2,16,63,4,0,Retention
EMP0713,51,Female,Marketing,Manager,21,1,87823,Internal Referral,4.9,8,5,0,2,35,16,2,0,Retention
EMP0714,38,Male,Engineering,Analyst,15,5,103580,Internal Referral,4.4,1,5,1,5,17,81,4,0,Retention
EMP0715,44,Male,Sales,Manager,6,3,83370,Internal Referral,1.7,9,1,0,4,9,25,2,0,Retention
EMP0716,36,Female,Sales,Analyst,27,2,39615,Internal Referral,2.9,1,4,1,1,35,64,2,0,Retention
EMP0717,58,Male,Sales,Manager,8,4,35060,Job Board,3.3,9,1,1,4,29,49,0,0,Retention
EMP0718,42,Male,Finance,Manager,2,2,106436,Internal Referral,1.7,8,1,0,4,39,29,2,0,Retention
EMP0719,35,Male,Finance,Engineer,14,4,90519,Internal Referral,2.6,2,4,0,2,18,89,0,0,Retention
EMP0720,23,Male,Sales,Manager,15,3,101117,Campus Recruitment,3.3,9,2,0,4,12,45,1,0,Retention
EMP0721,32,Female,Finance,Engineer,17,1,91158,Internal Referral,3.1,6,2,1,1,19,76,3,0,Retention
EMP0722,60,Female,Engineering,Specialist,13,2,64782,Campus Recruitment,3.5,3,5,0,1,48,42,2,0,Retention
EMP0723,59,Female,Marketing,Specialist,2,2,115709,Internal Referral,2.1,5,3,0,3,22,39,3,1,Turnover
EMP0724,55,Male,Marketing,Engineer,11,2,108533,Internal Referral,3,3,3,0,5,49,39,0,1,Turnover
EMP0725,59,Female,Marketing,Engineer,8,4,88255,Campus Recruitment,3.7,9,5,1,4,15,89,2,0,Retention
EMP0726,55,Female,Sales,Analyst,27,3,102684,Internal Referral,3.5,6,3,0,5,1,15,4,1,Turnover
EMP0727,39,Male,Finance,Analyst,6,2,86918,Job Board,3.9,0,1,0,5,2,73,1,1,Turnover
EMP0728,51,Male,Engineering,Analyst,8,2,114284,Job Board,3.9,2,1,0,5,8,83,1,1,Turnover
EMP0729,36,Female,Engineering,Specialist,12,1,109558,Internal Referral,3.1,2,4,0,5,22,88,2,0,Retention
EMP0730,48,Female,Sales,Analyst,17,1,115549,Job Board,3.6,0,4,0,1,25,56,1,0,Retention
EMP0731,55,Female,Engineering,Manager,4,3,111422,Campus Recruitment,2.7,5,5,1,4,2,48,4,0,Retention
EMP0732,59,Female,Engineering,Manager,12,3,55256,Internal Referral,3.2,8,5,1,3,9,80,3,0,Retention
EMP0733,54,Male,Engineering,Analyst,3,5,60005,Internal Referral,2.4,7,5,1,5,9,32,4,0,Retention
EMP0734,45,Female,Engineering,Manager,1,1,36638,Campus Recruitment,4.6,6,1,0,3,13,19,1,0,Retention
EMP0735,36,Female,Finance,Specialist,15,5,67419,Campus Recruitment,3.2,9,3,0,1,6,34,3,0,Retention
EMP0736,51,Male,Engineering,Manager,8,4,63377,Campus Recruitment,4.6,7,5,0,1,30,80,4,0,Retention
EMP0737,63,Female,Marketing,Specialist,8,5,73116,Internal Referral,3.8,5,5,0,2,15,89,0,0,Retention
EMP0738,38,Male,Sales,Engineer,5,2,66634,Campus Recruitment,2.6,8,1,0,5,15,76,0,0,Retention
EMP0739,26,Male,Finance,Engineer,10,5,112291,Campus Recruitment,3.8,2,1,0,2,7,46,3,1,Turnover
EMP0740,50,Male,Engineering,Engineer,21,3,53382,Job Board,4.3,9,1,0,3,11,72,3,0,Retention
EMP0741,25,Female,Finance,Engineer,23,4,86063,Job Board,3.4,9,3,0,4,40,64,3,0,Retention
EMP0742,31,Female,Engineering,Manager,21,2,52394,Internal Referral,3.6,8,5,0,2,38,52,0,0,Retention
EMP0743,38,Male,Marketing,Analyst,0,5,97789,Job Board,2.9,3,2,1,1,40,69,4,0,Retention
EMP0744,31,Female,Sales,Manager,3,4,30864,Job Board,3.5,6,2,0,5,2,42,3,0,Retention
EMP0745,38,Female,Engineering,Specialist,12,4,70222,Campus Recruitment,3.7,8,5,1,3,48,88,0,1,Turnover
EMP0746,41,Male,Engineering,Manager,22,2,43666,Campus Recruitment,2.9,1,5,1,1,39,36,3,0,Retention
EMP0747,45,Male,Engineering,Manager,12,5,50955,Job Board,2.4,1,5,0,4,10,57,3,0,Retention
EMP0748,26,Female,Engineering,Specialist,12,4,111845,Job Board,4.8,8,5,0,5,44,50,3,0,Retention
EMP0749,55,Male,Sales,Engineer,1,4,99590,Job Board,4.1,2,3,0,4,17,66,0,0,Retention
EMP0750,27,Female,Sales,Engineer,8,1,96471,Internal Referral,3,8,2,1,4,7,50,4,0,Retention
EMP0751,23,Female,Marketing,Engineer,23,4,118314,Internal Referral,3.7,4,4,0,5,40,42,0,0,Retention
EMP0752,34,Female,Sales,Analyst,7,1,73298,Internal Referral,2,5,2,1,5,39,72,0,0,Retention
EMP0753,64,Female,Engineering,Specialist,6,5,93108,Job Board,1.5,1,2,0,4,4,50,3,0,Retention
EMP0754,64,Male,Marketing,Specialist,3,5,78924,Job Board,4.6,7,1,1,3,35,84,2,0,Retention
EMP0755,32,Male,Marketing,Manager,17,5,46709,Internal Referral,3.7,8,5,1,5,47,23,2,0,Retention
EMP0756,44,Male,Marketing,Analyst,2,3,39726,Internal Referral,3.5,1,5,0,1,36,35,2,1,Turnover
EMP0757,37,Male,Engineering,Engineer,27,5,90824,Job Board,3.7,5,5,0,2,31,78,0,0,Retention
EMP0758,52,Female,Finance,Analyst,5,4,70542,Campus Recruitment,6.7,5,1,0,3,25,75,3,1,Turnover
EMP0759,32,Female,Engineering,Specialist,11,2,50245,Internal Referral,4.4,7,3,0,5,41,54,2,0,Retention
EMP0760,37,Male,Sales,Specialist,11,1,64753,Job Board,2.5,9,3,0,5,13,70,1,0,Retention
EMP0761,29,Female,Sales,Manager,20,3,109788,Job Board,1.8,4,4,1,3,18,18,1,0,Retention
EMP0762,25,Female,Engineering,Manager,27,5,51316,Campus Recruitment,4.6,8,3,0,2,21,45,1,0,Retention
EMP0763,61,Female,Engineering,Specialist,7,5,114698,Job Board,4.4,0,3,1,4,48,41,4,0,Retention
EMP0764,25,Male,Marketing,Engineer,21,2,45960,Job Board,4.1,8,5,1,1,1,72,3,0,Retention
EMP0765,46,Male,Engineering,Engineer,21,2,60791,Internal Referral,2.7,9,2,0,5,36,39,0,0,Retention
EMP0766,24,Male,Marketing,Analyst,0,3,55216,Internal Referral,3.9,6,3,1,2,8,83,0,0,Retention
EMP0767,53,Female,Sales,Specialist,3,1,62467,Campus Recruitment,2.8,3,3,0,1,48,84,3,0,Retention
EMP0768,24,Male,Marketing,Specialist,20,5,94427,Campus Recruitment,4.2,2,1,1,3,21,19,4,1,Turnover
EMP0769,48,Male,Engineering,Engineer,27,3,92047,Job Board,4.5,9,4,0,5,43,22,3,0,Retention
EMP0770,50,Male,Sales,Engineer,10,4,103290,Internal Referral,3,5,1,0,4,21,23,4,0,Retention
EMP0771,53,Male,Finance,Specialist,2,4,77014,Campus Recruitment,4.6,0,5,0,3,27,29,2,0,Retention
EMP0772,40,Male,Marketing,Manager,12,3,34078,Campus Recruitment,3.6,2,2,0,5,19,21,2,0,Retention
EMP0773,42,Male,Sales,Specialist,24,5,108389,Campus Recruitment,4,1,4,0,2,23,86,4,0,Retention
EMP0774,26,Female,Marketing,Specialist,16,3,80519,Job Board,2.2,8,1,0,1,43,29,3,0,Retention
EMP0775,39,Female,Sales,Engineer,21,5,34042,Internal Referral,3.7,2,3,0,1,35,51,2,0,Retention
EMP0776,49,Male,Sales,Engineer,21,2,79052,Campus Recruitment,2.8,1,3,1,5,40,53,3,0,Retention
EMP0777,63,Male,Marketing,Manager,9,3,44389,Internal Referral,4,3,4,0,3,42,20,2,0,Retention
EMP0778,43,Female,Finance,Manager,20,5,98111,Campus Recruitment,5,1,3,0,4,48,71,3,1,Turnover
EMP0779,42,Female,Sales,Analyst,11,3,80733,Campus Recruitment,3.8,0,1,0,2,5,33,3,0,Retention
EMP0780,27,Male,Sales,Specialist,14,3,64754,Internal Referral,2.6,5,1,1,5,41,77,1,0,Retention
EMP0781,22,Male,Sales,Engineer,20,5,48624,Internal Referral,4.1,9,3,1,2,8,45,4,0,Retention
EMP0782,26,Male,Finance,Manager,9,5,115886,Internal Referral,3.9,7,3,0,1,11,89,0,1,Turnover
EMP0783,62,Male,Finance,Analyst,13,1,56681,Job Board,5.6,9,5,0,4,16,24,4,0,Retention
EMP0784,33,Female,Engineering,Analyst,12,3,119524,Campus Recruitment,3.8,9,2,0,2,39,81,3,0,Retention
EMP0785,47,Male,Marketing,Engineer,4,4,111006,Job Board,2.9,1,4,0,5,47,76,3,0,Retention
EMP0786,55,Male,Finance,Engineer,5,3,54704,Internal Referral,4.3,8,1,1,4,24,17,4,0,Retention
EMP0787,35,Male,Marketing,Analyst,23,3,37493,Campus Recruitment,3.4,2,4,0,3,21,32,3,0,Retention
EMP0788,47,Male,Engineering,Manager,1,5,99639,Job Board,3.6,7,5,1,5,23,39,2,1,Turnover
EMP0789,48,Female,Marketing,Analyst,21,3,84383,Campus Recruitment,2.6,7,1,0,2,49,34,3,0,Retention
EMP0790,30,Female,Finance,Specialist,16,3,32994,Job Board,3.4,2,5,1,4,38,72,4,0,Retention
EMP0791,47,Female,Marketing,Specialist,3,4,99280,Internal Referral,3.5,2,5,0,5,47,64,4,0,Retention
EMP0792,43,Male,Finance,Engineer,13,5,77234,Job Board,3.4,5,3,1,4,8,24,4,0,Retention
EMP0793,51,Male,Marketing,Manager,9,3,77291,Campus Recruitment,2.9,0,4,1,4,7,35,1,0,Retention
EMP0794,64,Female,Finance,Manager,2,2,35594,Campus Recruitment,3.8,3,4,1,4,2,43,1,1,Turnover
EMP0795,38,Male,Finance,Specialist,24,1,37371,Campus Recruitment,2.6,0,3,0,2,30,24,1,0,Retention
EMP0796,47,Male,Marketing,Analyst,2,4,77315,Campus Recruitment,2.3,2,4,0,5,13,27,1,1,Turnover
EMP0797,57,Female,Engineering,Engineer,14,3,113564,Internal Referral,4.2,8,3,0,1,23,61,1,1,Turnover
EMP0798,22,Female,Sales,Analyst,5,2,109526,Job Board,4.1,4,1,0,1,29,37,1,0,Retention
EMP0799,29,Female,Engineering,Analyst,16,3,46626,Internal Referral,2.2,4,5,0,2,38,64,1,0,Retention
EMP0800,56,Female,Marketing,Analyst,11,3,116005,Internal Referral,1.7,3,5,0,2,37,18,4,0,Retention
EMP0801,36,Male,Engineering,Manager,21,5,37130,Internal Referral,2.5,2,4,0,4,20,81,0,0,Retention
EMP0802,43,Male,Finance,Specialist,19,5,36828,Campus Recruitment,3.4,4,2,0,5,33,67,1,0,Retention
EMP0803,35,Female,Sales,Manager,23,5,87514,Campus Recruitment,4.7,3,5,0,5,29,16,4,0,Retention
EMP0804,47,Male,Marketing,Specialist,28,2,82664,Campus Recruitment,3.3,7,3,0,3,15,82,0,0,Retention
EMP0805,49,Female,Marketing,Engineer,10,3,47883,Job Board,2.7,3,2,0,3,23,79,1,1,Turnover
EMP0806,44,Female,Marketing,Engineer,24,1,73059,Campus Recruitment,3.6,7,2,0,1,42,71,0,1,Turnover
EMP0807,35,Male,Sales,Analyst,3,4,114078,Job Board,3.4,5,5,0,3,3,84,0,0,Retention
EMP0808,45,Female,Finance,Specialist,25,5,72932,Campus Recruitment,2.1,4,5,0,3,37,21,2,0,Retention
EMP0809,23,Male,Marketing,Specialist,27,5,91269,Campus Recruitment,2.1,3,5,1,1,29,33,3,0,Retention
EMP0810,47,Male,Engineering,Specialist,25,3,105986,Internal Referral,2.2,3,3,1,1,45,58,2,0,Retention
EMP0811,35,Male,Marketing,Analyst,5,3,115959,Internal Referral,6,3,2,1,3,8,77,0,0,Retention
EMP0812,28,Male,Marketing,Analyst,0,2,32035,Internal Referral,4.4,8,4,1,5,22,79,4,0,Retention
EMP0813,24,Female,Marketing,Engineer,19,2,70745,Job Board,2.9,3,3,0,3,29,53,1,0,Retention
EMP0814,44,Male,Marketing,Manager,22,5,47241,Job Board,4.6,8,1,0,4,2,40,3,0,Retention
EMP0815,64,Female,Finance,Specialist,27,3,82975,Campus Recruitment,2.9,9,5,0,4,41,58,1,0,Retention
EMP0816,39,Female,Engineering,Specialist,15,1,53154,Job Board,4.6,5,2,0,4,49,26,4,0,Retention
EMP0817,59,Female,Finance,Manager,14,4,55625,Campus Recruitment,3.6,9,3,0,2,45,36,3,0,Retention
EMP0818,56,Female,Engineering,Specialist,16,3,74950,Job Board,2.8,6,1,0,4,1,28,2,1,Turnover
EMP0819,36,Male,Marketing,Analyst,7,3,86396,Job Board,4.2,9,3,0,5,44,44,0,0,Retention
EMP0820,46,Male,Sales,Analyst,27,2,43331,Job Board,3.6,2,3,0,2,20,58,4,0,Retention
EMP0821,58,Female,Finance,Specialist,25,4,93927,Internal Referral,3.9,7,4,1,2,21,52,0,0,Retention
EMP0822,49,Female,Sales,Analyst,11,5,116226,Job Board,3.7,2,4,0,4,37,73,0,0,Retention
EMP0823,31,Male,Finance,Analyst,26,3,114719,Internal Referral,3.7,0,3,0,3,8,56,1,0,Retention
EMP0824,60,Female,Marketing,Specialist,21,5,93014,Internal Referral,4.3,9,1,0,1,27,66,4,0,Retention
EMP0825,38,Male,Finance,Engineer,20,3,69346,Job Board,6.1,4,2,0,3,47,77,0,1,Turnover
EMP0826,60,Female,Marketing,Manager,9,5,100411,Campus Recruitment,4.7,1,2,0,3,35,75,2,0,Retention
EMP0827,43,Male,Finance,Analyst,26,4,84478,Campus Recruitment,3.7,9,5,1,2,6,48,3,0,Retention
EMP0828,47,Female,Marketing,Engineer,14,2,42254,Campus Recruitment,3.2,5,5,0,2,45,53,4,0,Retention
EMP0829,46,Female,Marketing,Analyst,29,4,85734,Job Board,3.3,9,2,0,2,44,55,1,0,Retention
EMP0830,38,Male,Engineering,Analyst,8,1,58621,Campus Recruitment,2.2,8,3,0,5,19,51,4,0,Retention
EMP0831,34,Female,Marketing,Manager,1,2,106441,Internal Referral,4.2,0,3,0,5,18,79,1,0,Retention
EMP0832,41,Female,Engineering,Analyst,4,4,76121,Campus Recruitment,2.5,3,4,1,1,1,46,3,0,Retention
EMP0833,46,Male,Marketing,Manager,5,1,111418,Job Board,3.1,0,4,0,2,25,22,2,0,Retention
EMP0834,25,Female,Sales,Manager,6,3,90197,Campus Recruitment,4.2,0,5,1,4,27,32,0,0,Retention
EMP0835,31,Male,Marketing,Manager,20,3,114577,Internal Referral,3.3,7,2,1,2,7,59,4,0,Retention
EMP0836,24,Male,Sales,Engineer,24,5,72431,Job Board,3,1,3,1,5,44,47,1,0,Retention
EMP0837,62,Female,Sales,Specialist,0,2,34837,Campus Recruitment,2.3,0,2,0,2,42,19,3,1,Turnover
EMP0838,39,Female,Marketing,Engineer,22,3,113163,Job Board,4.7,7,1,0,5,29,88,0,0,Retention
EMP0839,57,Female,Sales,Specialist,25,2,101232,Job Board,2.7,3,2,0,2,31,50,3,0,Retention
EMP0840,43,Female,Engineering,Specialist,6,3,78994,Job Board,2.9,2,1,0,4,44,37,2,0,Retention
EMP0841,55,Female,Finance,Manager,19,5,109079,Campus Recruitment,1.7,3,4,1,1,43,54,0,1,Turnover
EMP0842,29,Female,Marketing,Analyst,24,4,42615,Job Board,3.5,4,4,1,4,36,19,0,0,Retention
EMP0843,61,Female,Sales,Manager,29,5,31466,Campus Recruitment,3.2,0,5,1,5,19,48,0,0,Retention
EMP0844,40,Male,Marketing,Analyst,11,1,60771,Internal Referral,3.7,0,2,1,3,6,38,1,0,Retention
EMP0845,63,Female,Engineering,Specialist,15,3,113886,Campus Recruitment,2.3,2,2,0,4,25,31,0,0,Retention
EMP0846,62,Male,Marketing,Manager,15,1,95911,Internal Referral,4.2,5,1,0,2,31,85,3,0,Retention
EMP0847,58,Female,Marketing,Analyst,10,1,50746,Campus Recruitment,1.7,0,4,0,1,9,36,1,1,Turnover
EMP0848,27,Female,Sales,Engineer,20,2,118422,Job Board,3.4,1,1,1,2,20,29,0,1,Turnover
EMP0849,47,Male,Engineering,Analyst,3,3,90739,Campus Recruitment,3.6,6,4,1,2,10,29,3,0,Retention
EMP0850,55,Female,Finance,Manager,12,1,103369,Job Board,3.6,0,1,0,4,37,39,3,0,Retention
EMP0851,27,Female,Finance,Engineer,6,4,31893,Internal Referral,3.7,6,4,1,1,27,67,4,0,Retention
EMP0852,58,Male,Sales,Analyst,3,1,60573,Campus Recruitment,4.3,3,1,1,3,13,35,3,0,Retention
EMP0853,54,Female,Marketing,Analyst,14,4,70874,Job Board,4.8,9,4,1,2,41,80,2,1,Turnover
EMP0854,43,Female,Sales,Analyst,18,2,107362,Internal Referral,3.3,5,1,1,1,2,46,0,0,Retention
EMP0855,42,Female,Sales,Analyst,8,1,117460,Internal Referral,2.5,7,2,0,3,21,35,0,0,Retention
EMP0856,27,Male,Sales,Analyst,10,5,63367,Campus Recruitment,4.1,8,5,0,2,33,82,0,0,Retention
EMP0857,27,Female,Marketing,Engineer,7,2,51199,Internal Referral,3.2,5,1,0,1,24,58,3,1,Turnover
EMP0858,25,Female,Engineering,Specialist,0,4,104328,Job Board,4.8,8,5,0,4,44,80,3,0,Retention
EMP0859,51,Female,Sales,Engineer,22,2,87724,Internal Referral,2.9,3,2,0,2,42,28,0,0,Retention
EMP0860,32,Female,Marketing,Engineer,24,1,116133,Internal Referral,2.6,5,2,0,2,34,29,1,0,Retention
EMP0861,51,Male,Engineering,Engineer,23,3,66405,Job Board,3.6,7,4,1,1,9,34,1,0,Retention
EMP0862,52,Male,Sales,Specialist,7,3,45989,Internal Referral,1.8,8,5,0,2,2,48,2,1,Turnover
EMP0863,45,Female,Finance,Manager,12,4,58931,Internal Referral,3,2,3,1,3,30,50,4,0,Retention
EMP0864,30,Female,Engineering,Specialist,21,4,39290,Internal Referral,3.2,1,4,0,2,22,23,2,0,Retention
EMP0865,24,Male,Sales,Engineer,26,3,68367,Internal Referral,3.7,5,5,0,5,46,85,0,0,Retention
EMP0866,52,Male,Engineering,Analyst,3,4,109878,Job Board,2.5,3,1,0,3,11,44,0,0,Retention
EMP0867,61,Female,Engineering,Analyst,7,2,109481,Internal Referral,2.6,0,1,0,1,43,77,0,0,Retention
EMP0868,58,Male,Engineering,Engineer,2,5,106298,Job Board,4.7,7,2,0,3,17,49,4,0,Retention
EMP0869,57,Female,Engineering,Analyst,28,5,60133,Internal Referral,3.5,8,3,0,5,36,27,3,0,Retention
EMP0870,45,Male,Engineering,Engineer,8,2,57052,Internal Referral,4.4,8,1,0,5,13,60,4,0,Retention
EMP0871,52,Male,Engineering,Analyst,28,5,115489,Internal Referral,3,1,5,0,2,7,70,2,0,Retention
EMP0872,27,Male,Sales,Specialist,1,1,70475,Internal Referral,3.4,8,5,0,2,16,23,3,1,Turnover
EMP0873,23,Male,Finance,Manager,1,2,112666,Job Board,3.7,6,1,1,4,33,50,3,0,Retention
EMP0874,41,Female,Marketing,Manager,27,4,87656,Job Board,5.2,4,5,0,3,45,17,2,0,Retention
EMP0875,49,Male,Engineering,Specialist,12,2,34633,Job Board,3.3,6,5,0,4,1,33,3,1,Turnover
EMP0876,32,Male,Marketing,Specialist,14,3,47304,Campus Recruitment,3.3,8,2,1,5,11,42,1,0,Retention
EMP0877,25,Female,Sales,Engineer,27,4,76546,Internal Referral,4.6,7,3,0,2,6,37,2,0,Retention
EMP0878,36,Male,Engineering,Engineer,22,3,37008,Internal Referral,3.1,5,2,1,2,20,21,2,0,Retention
EMP0879,27,Male,Finance,Engineer,11,4,78291,Job Board,3.8,3,3,1,2,35,28,1,0,Retention
EMP0880,51,Female,Marketing,Analyst,25,5,57405,Campus Recruitment,4.5,0,5,1,1,44,60,4,0,Retention
EMP0881,59,Male,Engineering,Engineer,3,2,66386,Internal Referral,2.9,5,3,0,5,37,29,4,0,Retention
EMP0882,23,Female,Sales,Specialist,25,1,50827,Job Board,3.8,2,5,1,2,41,81,4,1,Turnover
EMP0883,36,Female,Finance,Manager,7,4,63040,Internal Referral,5.2,5,5,1,5,26,29,3,0,Retention
EMP0884,32,Female,Marketing,Analyst,8,4,90354,Internal Referral,4.4,5,2,0,2,12,65,1,0,Retention
EMP0885,29,Female,Marketing,Engineer,22,3,108543,Job Board,3.8,3,2,0,3,30,22,2,0,Retention
EMP0886,47,Male,Engineering,Analyst,4,5,48157,Job Board,3.3,1,4,0,5,28,83,2,0,Retention
EMP0887,26,Female,Finance,Analyst,23,3,65315,Internal Referral,2.9,8,1,1,4,27,76,2,0,Retention
EMP0888,27,Male,Finance,Engineer,19,3,65932,Internal Referral,2.5,1,4,0,1,42,65,3,0,Retention
EMP0889,47,Male,Finance,Analyst,17,5,51164,Job Board,5,2,4,1,4,19,77,3,1,Turnover
EMP0890,25,Male,Finance,Manager,10,1,44414,Internal Referral,4.8,9,3,0,5,5,82,4,0,Retention
EMP0891,40,Male,Sales,Specialist,14,3,44327,Internal Referral,2.8,0,5,1,2,5,30,3,0,Retention
EMP0892,41,Male,Finance,Specialist,27,3,30946,Job Board,3.8,6,5,0,5,41,38,4,0,Retention
EMP0893,54,Male,Marketing,Manager,21,4,44693,Internal Referral,3.6,0,5,0,1,27,20,4,0,Retention
EMP0894,41,Male,Marketing,Analyst,8,5,57241,Internal Referral,4.7,8,1,0,5,28,71,2,1,Turnover
EMP0895,33,Male,Sales,Engineer,16,2,45540,Campus Recruitment,3.9,0,3,0,2,26,45,3,0,Retention
EMP0896,22,Male,Marketing,Analyst,26,1,102255,Job Board,3.5,4,3,0,4,27,20,4,0,Retention
EMP0897,47,Male,Marketing,Manager,25,1,94757,Campus Recruitment,3,6,5,0,3,49,43,1,0,Retention
EMP0898,35,Female,Finance,Analyst,11,5,71203,Campus Recruitment,3.8,2,4,0,4,42,81,1,1,Turnover
EMP0899,59,Female,Marketing,Specialist,6,4,55081,Campus Recruitment,3.2,8,1,1,2,21,89,3,1,Turnover
EMP0900,58,Female,Sales,Analyst,9,4,91861,Internal Referral,3.7,7,4,1,2,1,17,2,0,Retention
EMP0901,32,Male,Finance,Manager,24,5,41350,Internal Referral,3.4,2,2,0,1,28,42,2,1,Turnover
EMP0902,57,Female,Engineering,Specialist,25,4,85512,Campus Recruitment,3.1,4,3,0,5,48,88,4,0,Retention
EMP0903,34,Female,Finance,Analyst,24,1,86809,Campus Recruitment,2.5,6,3,0,5,15,62,3,0,Retention
EMP0904,64,Female,Sales,Analyst,9,1,72832,Campus Recruitment,4,3,4,1,4,17,24,1,1,Turnover
EMP0905,24,Male,Finance,Specialist,26,2,58369,Internal Referral,3.5,4,1,0,3,26,47,4,1,Turnover
EMP0906,54,Male,Finance,Engineer,12,5,61728,Campus Recruitment,5.3,2,3,0,3,20,81,4,0,Retention
EMP0907,27,Male,Sales,Specialist,18,3,47576,Campus Recruitment,2.5,8,4,0,1,25,83,0,0,Retention
EMP0908,31,Male,Finance,Engineer,10,3,59001,Job Board,4.1,9,1,1,2,13,26,3,1,Turnover
EMP0909,26,Female,Sales,Manager,12,2,113384,Job Board,3.4,8,4,0,1,33,71,4,0,Retention
EMP0910,44,Female,Sales,Manager,20,2,30390,Internal Referral,5.6,6,1,1,5,25,58,1,1,Turnover
EMP0911,31,Female,Engineering,Specialist,7,4,117535,Job Board,4,9,5,0,2,8,27,0,0,Retention
EMP0912,23,Female,Marketing,Specialist,7,2,75436,Job Board,3.8,1,1,0,1,5,38,1,1,Turnover
EMP0913,34,Male,Marketing,Manager,3,2,41569,Job Board,3.4,6,2,0,4,6,58,2,1,Turnover
EMP0914,61,Male,Finance,Engineer,14,3,43029,Internal Referral,2.8,6,5,0,5,23,71,0,0,Retention
EMP0915,23,Male,Finance,Manager,27,4,52490,Job Board,3.8,4,4,0,3,30,30,0,1,Turnover
EMP0916,41,Female,Engineering,Specialist,10,2,75875,Internal Referral,2.1,8,5,0,1,14,35,4,0,Retention
EMP0917,22,Male,Engineering,Manager,10,2,35867,Campus Recruitment,2.2,2,5,0,5,23,65,2,0,Retention
EMP0918,58,Male,Engineering,Specialist,0,4,110820,Job Board,4.5,3,4,0,5,11,35,4,0,Retention
EMP0919,30,Female,Sales,Specialist,16,5,39121,Internal Referral,1.7,0,4,0,3,31,74,3,0,Retention
EMP0920,38,Female,Engineering,Manager,14,4,31539,Job Board,3.2,5,2,1,3,6,65,1,0,Retention
EMP0921,30,Male,Engineering,Engineer,19,3,47027,Campus Recruitment,2.5,3,4,0,3,11,35,1,1,Turnover
EMP0922,32,Male,Finance,Analyst,5,5,104229,Internal Referral,3.1,0,3,0,1,13,20,4,0,Retention
EMP0923,36,Male,Engineering,Manager,23,1,38921,Internal Referral,3.7,1,3,0,3,12,87,1,0,Retention
EMP0924,45,Male,Sales,Analyst,21,4,80435,Internal Referral,4.5,2,2,0,4,2,79,1,1,Turnover
EMP0925,59,Male,Sales,Manager,27,3,40310,Campus Recruitment,4.7,8,1,0,5,35,72,3,0,Retention
EMP0926,56,Male,Finance,Analyst,24,5,93965,Campus Recruitment,2.6,7,1,0,3,36,20,2,0,Retention
EMP0927,51,Female,Engineering,Engineer,14,4,99922,Campus Recruitment,3,6,3,0,5,17,79,0,0,Retention
EMP0928,52,Female,Engineering,Engineer,8,2,112839,Internal Referral,7.6,3,4,0,2,28,48,4,0,Retention
EMP0929,26,Female,Sales,Manager,13,4,42242,Campus Recruitment,3.2,0,2,1,2,28,70,4,0,Retention
EMP0930,35,Male,Engineering,Specialist,17,1,38947,Job Board,2.6,7,1,0,3,22,89,3,1,Turnover
EMP0931,32,Female,Engineering,Analyst,25,4,101466,Campus Recruitment,2.8,3,1,0,5,38,17,3,0,Retention
EMP0932,30,Male,Engineering,Specialist,16,5,91816,Internal Referral,3.3,2,5,0,2,7,56,0,1,Turnover
EMP0933,55,Male,Marketing,Specialist,17,5,78785,Job Board,3.1,8,3,0,3,15,76,2,0,Retention
EMP0934,33,Female,Finance,Specialist,4,4,30507,Campus Recruitment,3.3,9,4,1,5,32,20,4,0,Retention
EMP0935,56,Male,Marketing,Engineer,19,5,96972,Job Board,3.5,3,2,0,3,11,20,3,0,Retention
EMP0936,56,Male,Finance,Manager,19,2,57151,Job Board,3.5,3,1,0,5,24,77,4,0,Retention
EMP0937,22,Female,Sales,Manager,8,4,41618,Internal Referral,2.5,8,5,0,2,3,34,1,0,Retention
EMP0938,61,Female,Engineering,Engineer,10,2,104286,Job Board,3.9,1,3,0,3,30,35,4,0,Retention
EMP0939,43,Female,Finance,Engineer,23,2,46122,Job Board,3.6,4,3,0,2,6,16,2,0,Retention
EMP0940,50,Male,Marketing,Manager,21,3,37354,Internal Referral,4,3,2,0,3,2,70,2,0,Retention
EMP0941,29,Female,Engineering,Specialist,0,4,60979,Internal Referral,1.8,8,1,0,1,14,24,4,0,Retention
EMP0942,32,Female,Sales,Analyst,17,5,116436,Internal Referral,3.7,4,2,0,2,41,84,1,0,Retention
EMP0943,62,Male,Finance,Analyst,5,2,109376,Job Board,1.5,8,2,0,2,18,37,2,0,Retention
EMP0944,58,Female,Finance,Analyst,26,3,82774,Job Board,3.3,8,5,0,4,44,44,3,0,Retention
EMP0945,35,Female,Finance,Specialist,1,4,35037,Job Board,4.2,1,3,0,2,31,51,4,0,Retention
EMP0946,51,Female,Engineering,Manager,14,4,58633,Internal Referral,4.5,8,4,1,5,13,69,1,0,Retention
EMP0947,56,Male,Marketing,Engineer,28,1,54495,Campus Recruitment,3.8,2,3,0,3,26,63,3,0,Retention
EMP0948,42,Male,Marketing,Manager,25,1,94550,Job Board,4.2,3,3,0,1,44,48,4,0,Retention
EMP0949,58,Male,Finance,Specialist,20,2,111384,Campus Recruitment,3.2,0,5,0,5,12,58,1,1,Turnover
EMP0950,26,Male,Sales,Engineer,13,1,66483,Internal Referral,3,0,4,0,5,18,36,3,0,Retention
EMP0951,40,Female,Sales,Specialist,4,2,103373,Job Board,6.2,0,1,0,5,9,45,2,0,Retention
EMP0952,35,Male,Marketing,Analyst,5,5,64069,Campus Recruitment,4.3,8,4,1,5,49,21,4,1,Turnover
EMP0953,47,Male,Sales,Analyst,5,2,37370,Job Board,2.3,7,1,1,1,21,35,4,0,Retention
EMP0954,25,Female,Marketing,Specialist,29,1,101947,Job Board,1.8,4,4,0,4,48,30,2,0,Retention
EMP0955,46,Female,Finance,Engineer,21,5,69133,Job Board,3,4,2,0,2,49,34,0,0,Retention
EMP0956,63,Female,Marketing,Engineer,29,1,30692,Campus Recruitment,4.7,8,4,0,5,40,57,3,0,Retention
EMP0957,46,Male,Marketing,Manager,17,2,58926,Internal Referral,3.5,2,5,0,2,43,58,2,1,Turnover
EMP0958,39,Male,Finance,Analyst,13,3,103984,Job Board,1.3,2,1,1,2,24,61,4,1,Turnover
EMP0959,61,Male,Sales,Manager,9,4,73390,Internal Referral,3.3,6,3,0,5,34,33,3,0,Retention
EMP0960,29,Female,Marketing,Manager,13,1,79593,Internal Referral,3.5,8,5,0,4,8,62,3,1,Turnover
EMP0961,60,Female,Marketing,Specialist,12,2,105609,Campus Recruitment,1.1,5,1,0,2,44,83,0,0,Retention
EMP0962,61,Male,Finance,Specialist,29,5,35209,Campus Recruitment,3.5,1,1,0,3,33,25,4,0,Retention
EMP0963,35,Female,Sales,Manager,2,1,36533,Internal Referral,2.5,0,3,1,2,23,43,1,1,Turnover
EMP0964,53,Female,Marketing,Analyst,29,1,116597,Job Board,1.7,1,2,0,5,13,59,0,0,Retention
EMP0965,59,Female,Finance,Specialist,5,4,37211,Campus Recruitment,5.1,0,5,0,1,49,82,0,0,Retention
EMP0966,54,Male,Marketing,Manager,28,2,39927,Job Board,2.4,9,3,0,2,14,50,1,0,Retention
EMP0967,44,Female,Engineering,Manager,7,3,107463,Job Board,2.8,9,3,1,4,14,62,1,0,Retention
EMP0968,36,Female,Finance,Manager,11,5,54594,Job Board,2.8,8,2,1,3,16,29,0,0,Retention
EMP0969,54,Male,Sales,Manager,12,2,104852,Internal Referral,3.5,9,5,0,3,49,58,3,0,Retention
EMP0970,46,Male,Sales,Manager,10,5,107713,Job Board,5.3,7,3,0,1,38,81,2,0,Retention
EMP0971,38,Female,Sales,Manager,11,1,106382,Internal Referral,2.3,6,2,0,1,39,88,2,0,Retention
EMP0972,54,Female,Sales,Specialist,0,4,37933,Internal Referral,3.2,2,5,0,2,26,54,0,1,Turnover
EMP0973,23,Male,Marketing,Analyst,16,4,70696,Job Board,3.6,7,4,0,5,26,28,3,1,Turnover
EMP0974,35,Male,Marketing,Manager,15,3,95449,Job Board,2.6,1,1,0,4,1,77,1,0,Retention
EMP0975,61,Female,Sales,Engineer,10,4,97616,Job Board,3.2,1,2,0,3,32,65,0,1,Turnover
EMP0976,61,Female,Sales,Specialist,12,1,36089,Job Board,4.1,9,1,0,1,15,72,4,0,Retention
EMP0977,60,Female,Sales,Specialist,17,3,86548,Internal Referral,2.7,2,4,1,4,21,29,3,0,Retention
EMP0978,27,Female,Marketing,Manager,10,2,56123,Job Board,3.2,6,3,0,5,18,79,4,0,Retention
EMP0979,27,Male,Sales,Specialist,27,4,37797,Job Board,3.1,0,3,0,3,30,69,4,0,Retention
EMP0980,24,Female,Sales,Manager,11,3,80013,Internal Referral,3.4,7,5,0,3,13,24,0,0,Retention
EMP0981,28,Female,Engineering,Analyst,5,1,38346,Campus Recruitment,3.7,6,2,0,5,24,56,3,0,Retention
EMP0982,29,Male,Engineering,Analyst,8,5,115414,Campus Recruitment,4.1,3,2,0,3,30,25,4,0,Retention
EMP0983,63,Female,Sales,Specialist,15,5,63672,Internal Referral,5.4,4,5,1,5,2,30,3,0,Retention
EMP0984,36,Male,Finance,Specialist,3,1,47653,Campus Recruitment,0.8,9,1,0,3,19,87,2,1,Turnover
EMP0985,50,Female,Sales,Engineer,2,1,79556,Internal Referral,3.3,0,3,1,2,47,33,4,0,Retention
EMP0986,54,Female,Engineering,Specialist,27,5,56140,Job Board,2.1,3,3,0,5,44,45,4,1,Turnover
EMP0987,51,Male,Finance,Engineer,15,3,31184,Job Board,3.1,0,2,0,4,47,87,3,1,Turnover
EMP0988,60,Male,Finance,Analyst,23,5,64493,Campus Recruitment,4.4,0,2,0,2,25,67,2,0,Retention
EMP0989,48,Female,Sales,Analyst,26,1,74148,Job Board,4.7,9,5,0,4,14,22,4,0,Retention
EMP0990,57,Female,Engineering,Manager,25,4,54846,Campus Recruitment,4.7,0,4,0,3,6,38,0,0,Retention
EMP0991,50,Female,Engineering,Analyst,29,2,52195,Campus Recruitment,4.7,6,1,1,4,12,22,3,1,Turnover
EMP0992,59,Male,Finance,Engineer,24,4,35606,Job Board,3.3,6,4,1,2,20,62,3,0,Retention
EMP0993,54,Female,Sales,Specialist,11,4,33956,Job Board,4.9,3,4,1,5,23,44,4,0,Retention
EMP0994,58,Male,Marketing,Manager,10,1,46555,Campus Recruitment,5.1,1,2,1,1,30,72,2,0,Retention
EMP0995,48,Male,Marketing,Engineer,4,5,48690,Job Board,3.6,2,2,1,4,30,69,4,0,Retention
EMP0996,54,Female,Engineering,Specialist,24,3,88502,Internal Referral,4.7,7,2,0,1,38,87,1,1,Turnover
EMP0997,25,Male,Marketing,Manager,17,4,78849,Job Board,3.5,7,4,0,4,30,76,4,0,Retention
EMP0998,43,Female,Engineering,Analyst,18,5,56347,Job Board,4.9,5,1,0,4,41,62,1,1,Turnover
EMP0999,23,Female,Engineering,Engineer,22,3,79056,Internal Referral,3.3,9,2,0,5,30,18,0,0,Retention
EMP1000,31,Female,Engineering,Specialist,22,4,93851,Job Board,2.9,8,3,1,3,36,51,3,0,Retention
